season,division_id,competition_phase,player_id,team_id,gohoops_roster_id,registered,source
2025-26,8,preseason,108,2,166603,True,division_roster
2025-26,9,regular_season,108,2,166603,True,division_roster
2025-26,11,play_in,108,2,166603,True,division_roster
2025-26,12,playoffs,108,2,166603,True,division_roster
2025-26,35,finals,108,2,166603,True,division_roster
2025-26,8,preseason,10891,2,166614,True,division_roster
2025-26,9,regular_season,10891,2,166614,True,division_roster
2025-26,11,play_in,10891,2,166614,True,division_roster
2025-26,12,playoffs,10891,2,166614,True,division_roster
2025-26,35,finals,10891,2,166614,True,division_roster
2025-26,8,preseason,10892,2,166619,True,division_roster
2025-26,9,regular_season,10892,2,166619,True,division_roster
2025-26,8,preseason,10893,2,166621,True,division_roster
2025-26,9,regular_season,10893,2,166621,True,division_roster
2025-26,8,preseason,10894,2,166623,True,division_roster
2025-26,9,regular_season,10894,2,166623,True,division_roster
2025-26,8,preseason,109,2,166604,True,division_roster
2025-26,9,regular_season,109,2,166604,True,division_roster
2025-26,11,play_in,109,2,166604,True,division_roster
2025-26,12,playoffs,109,2,166604,True,division_roster
2025-26,35,finals,109,2,166604,True,division_roster
2025-26,8,preseason,110,2,166608,True,division_roster
2025-26,9,regular_season,110,2,166608,True,division_roster
2025-26,11,play_in,110,2,166608,True,division_roster
2025-26,12,playoffs,110,2,166608,True,division_roster
2025-26,35,finals,110,2,166608,True,division_roster
2025-26,8,preseason,111,2,166607,True,division_roster
2025-26,9,regular_season,111,2,166607,True,division_roster
2025-26,11,play_in,111,2,166607,True,division_roster
2025-26,12,playoffs,111,2,166607,True,division_roster
2025-26,35,finals,111,2,166607,True,division_roster
2025-26,8,preseason,116,2,166610,True,division_roster
2025-26,9,regular_season,116,2,166610,True,division_roster
2025-26,11,play_in,116,2,166610,True,division_roster
2025-26,12,playoffs,116,2,166610,True,division_roster
2025-26,35,finals,116,2,166610,True,division_roster
2025-26,8,preseason,118,2,166612,True,division_roster
2025-26,9,regular_season,118,2,166612,True,division_roster
2025-26,11,play_in,118,2,166612,True,division_roster
2025-26,12,playoffs,118,2,166612,True,division_roster
2025-26,35,finals,118,2,166612,True,division_roster
2025-26,8,preseason,119,2,166613,True,division_roster
2025-26,9,regular_season,119,2,166613,True,division_roster
2025-26,11,play_in,119,2,166613,True,division_roster
2025-26,12,playoffs,119,2,166613,True,division_roster
2025-26,35,finals,119,2,166613,True,division_roster
2025-26,8,preseason,121,2,166615,True,division_roster
2025-26,9,regular_season,121,2,166615,True,division_roster
2025-26,11,play_in,121,2,166615,True,division_roster
2025-26,12,playoffs,121,2,166615,True,division_roster
2025-26,35,finals,121,2,166615,True,division_roster
2025-26,8,preseason,122,2,166616,True,division_roster
2025-26,9,regular_season,122,2,166616,True,division_roster
2025-26,11,play_in,122,2,166616,True,division_roster
2025-26,12,playoffs,122,2,166616,True,division_roster
2025-26,35,finals,122,2,166616,True,division_roster
2025-26,8,preseason,123,2,166617,True,division_roster
2025-26,9,regular_season,123,2,166617,True,division_roster
2025-26,11,play_in,123,2,166617,True,division_roster
2025-26,12,playoffs,123,2,166617,True,division_roster
2025-26,35,finals,123,2,166617,True,division_roster
2025-26,8,preseason,124,2,166606,True,division_roster
2025-26,9,regular_season,124,2,166606,True,division_roster
2025-26,11,play_in,124,2,166606,True,division_roster
2025-26,12,playoffs,124,2,166606,True,division_roster
2025-26,35,finals,124,2,166606,True,division_roster
2025-26,9,regular_season,12668,2,181246,True,division_roster
2025-26,9,regular_season,12908,2,184227,True,division_roster
2025-26,9,regular_season,13275,2,184714,True,division_roster
2025-26,11,play_in,13275,2,184714,True,division_roster
2025-26,12,playoffs,13275,2,184714,True,division_roster
2025-26,35,finals,13275,2,184714,True,division_roster
2025-26,9,regular_season,13399,2,185001,True,division_roster
2025-26,11,play_in,13399,2,185001,True,division_roster
2025-26,12,playoffs,13399,2,185001,True,division_roster
2025-26,35,finals,13399,2,185001,True,division_roster
2025-26,9,regular_season,14037,2,186131,True,division_roster
2025-26,9,regular_season,14844,2,187197,True,division_roster
2025-26,11,play_in,14844,2,187197,True,division_roster
2025-26,12,playoffs,14844,2,187197,True,division_roster
2025-26,35,finals,14844,2,187197,True,division_roster
2025-26,8,preseason,4181,2,166618,True,division_roster
2025-26,9,regular_season,4181,2,166618,True,division_roster
2025-26,11,play_in,4181,2,166618,True,division_roster
2025-26,12,playoffs,4181,2,166618,True,division_roster
2025-26,35,finals,4181,2,166618,True,division_roster
2025-26,8,preseason,45,2,166609,True,division_roster
2025-26,9,regular_season,45,2,166609,True,division_roster
2025-26,11,play_in,45,2,166609,True,division_roster
2025-26,12,playoffs,45,2,166609,True,division_roster
2025-26,35,finals,45,2,166609,True,division_roster
2025-26,9,regular_season,51,2,184691,True,division_roster
2025-26,11,play_in,51,2,184691,True,division_roster
2025-26,12,playoffs,51,2,184691,True,division_roster
2025-26,35,finals,51,2,184691,True,division_roster
2025-26,8,preseason,101,3,166462,True,division_roster
2025-26,9,regular_season,101,3,166462,True,division_roster
2025-26,11,play_in,101,3,166462,True,division_roster
2025-26,12,playoffs,101,3,166462,True,division_roster
2025-26,35,finals,101,3,166462,True,division_roster
2025-26,8,preseason,103,3,166456,True,division_roster
2025-26,9,regular_season,103,3,166456,True,division_roster
2025-26,11,play_in,103,3,166456,True,division_roster
2025-26,12,playoffs,103,3,166456,True,division_roster
2025-26,35,finals,103,3,166456,True,division_roster
2025-26,8,preseason,106,3,166464,True,division_roster
2025-26,9,regular_season,106,3,166464,True,division_roster
2025-26,11,play_in,106,3,166464,True,division_roster
2025-26,12,playoffs,106,3,166464,True,division_roster
2025-26,35,finals,106,3,166464,True,division_roster
2025-26,8,preseason,107,3,166463,True,division_roster
2025-26,9,regular_season,107,3,166463,True,division_roster
2025-26,11,play_in,107,3,166463,True,division_roster
2025-26,12,playoffs,107,3,166463,True,division_roster
2025-26,35,finals,107,3,166463,True,division_roster
2025-26,8,preseason,10889,3,166465,True,division_roster
2025-26,9,regular_season,10889,3,166465,True,division_roster
2025-26,8,preseason,10890,3,166466,True,division_roster
2025-26,9,regular_season,10890,3,166466,True,division_roster
2025-26,11,play_in,10890,3,166466,True,division_roster
2025-26,12,playoffs,10890,3,166466,True,division_roster
2025-26,35,finals,10890,3,166466,True,division_roster
2025-26,9,regular_season,13777,3,185322,True,division_roster
2025-26,9,regular_season,13906,3,185874,True,division_roster
2025-26,11,play_in,13906,3,185874,True,division_roster
2025-26,12,playoffs,13906,3,185874,True,division_roster
2025-26,35,finals,13906,3,185874,True,division_roster
2025-26,8,preseason,73,3,166450,True,division_roster
2025-26,9,regular_season,73,3,166450,True,division_roster
2025-26,11,play_in,73,3,166450,True,division_roster
2025-26,12,playoffs,73,3,166450,True,division_roster
2025-26,35,finals,73,3,166450,True,division_roster
2025-26,8,preseason,77,3,166451,True,division_roster
2025-26,9,regular_season,77,3,166451,True,division_roster
2025-26,11,play_in,77,3,166451,True,division_roster
2025-26,12,playoffs,77,3,166451,True,division_roster
2025-26,35,finals,77,3,166451,True,division_roster
2025-26,8,preseason,79,3,166452,True,division_roster
2025-26,9,regular_season,79,3,166452,True,division_roster
2025-26,11,play_in,79,3,166452,True,division_roster
2025-26,12,playoffs,79,3,166452,True,division_roster
2025-26,35,finals,79,3,166452,True,division_roster
2025-26,8,preseason,83,3,166453,True,division_roster
2025-26,9,regular_season,83,3,166453,True,division_roster
2025-26,11,play_in,83,3,166453,True,division_roster
2025-26,12,playoffs,83,3,166453,True,division_roster
2025-26,35,finals,83,3,166453,True,division_roster
2025-26,8,preseason,86,3,166454,True,division_roster
2025-26,9,regular_season,86,3,166454,True,division_roster
2025-26,11,play_in,86,3,166454,True,division_roster
2025-26,12,playoffs,86,3,166454,True,division_roster
2025-26,35,finals,86,3,166454,True,division_roster
2025-26,8,preseason,89,3,166460,True,division_roster
2025-26,9,regular_season,89,3,166460,True,division_roster
2025-26,11,play_in,89,3,166460,True,division_roster
2025-26,12,playoffs,89,3,166460,True,division_roster
2025-26,35,finals,89,3,166460,True,division_roster
2025-26,8,preseason,91,3,166455,True,division_roster
2025-26,9,regular_season,91,3,166455,True,division_roster
2025-26,11,play_in,91,3,166455,True,division_roster
2025-26,12,playoffs,91,3,166455,True,division_roster
2025-26,35,finals,91,3,166455,True,division_roster
2025-26,8,preseason,95,3,166457,True,division_roster
2025-26,9,regular_season,95,3,166457,True,division_roster
2025-26,11,play_in,95,3,166457,True,division_roster
2025-26,12,playoffs,95,3,166457,True,division_roster
2025-26,35,finals,95,3,166457,True,division_roster
2025-26,8,preseason,97,3,166458,True,division_roster
2025-26,9,regular_season,97,3,166458,True,division_roster
2025-26,11,play_in,97,3,166458,True,division_roster
2025-26,12,playoffs,97,3,166458,True,division_roster
2025-26,35,finals,97,3,166458,True,division_roster
2025-26,8,preseason,99,3,166459,True,division_roster
2025-26,9,regular_season,99,3,166459,True,division_roster
2025-26,11,play_in,99,3,166459,True,division_roster
2025-26,12,playoffs,99,3,166459,True,division_roster
2025-26,35,finals,99,3,166459,True,division_roster
2025-26,8,preseason,10862,4,166430,True,division_roster
2025-26,9,regular_season,10862,4,166430,True,division_roster
2025-26,11,play_in,10862,4,166430,True,division_roster
2025-26,12,playoffs,10862,4,166430,True,division_roster
2025-26,35,finals,10862,4,166430,True,division_roster
2025-26,8,preseason,10866,4,166431,True,division_roster
2025-26,9,regular_season,10866,4,166431,True,division_roster
2025-26,8,preseason,10885,4,166420,True,division_roster
2025-26,9,regular_season,10885,4,166420,True,division_roster
2025-26,11,play_in,10885,4,166420,True,division_roster
2025-26,12,playoffs,10885,4,166420,True,division_roster
2025-26,35,finals,10885,4,166420,True,division_roster
2025-26,8,preseason,10886,4,166423,True,division_roster
2025-26,9,regular_season,10886,4,166423,True,division_roster
2025-26,11,play_in,10886,4,166423,True,division_roster
2025-26,12,playoffs,10886,4,166423,True,division_roster
2025-26,35,finals,10886,4,166423,True,division_roster
2025-26,8,preseason,10887,4,166427,True,division_roster
2025-26,9,regular_season,10887,4,166427,True,division_roster
2025-26,11,play_in,10887,4,166427,True,division_roster
2025-26,12,playoffs,10887,4,166427,True,division_roster
2025-26,35,finals,10887,4,166427,True,division_roster
2025-26,8,preseason,10888,4,166429,True,division_roster
2025-26,9,regular_season,10888,4,166429,True,division_roster
2025-26,11,play_in,10888,4,166429,True,division_roster
2025-26,12,playoffs,10888,4,166429,True,division_roster
2025-26,35,finals,10888,4,166429,True,division_roster
2025-26,9,regular_season,13778,4,185416,True,division_roster
2025-26,9,regular_season,14843,4,187196,True,division_roster
2025-26,11,play_in,14843,4,187196,True,division_roster
2025-26,12,playoffs,14843,4,187196,True,division_roster
2025-26,35,finals,14843,4,187196,True,division_roster
2025-26,9,regular_season,14982,4,187290,True,division_roster
2025-26,11,play_in,14982,4,187290,True,division_roster
2025-26,12,playoffs,14982,4,187290,True,division_roster
2025-26,35,finals,14982,4,187290,True,division_roster
2025-26,9,regular_season,5948,4,183270,True,division_roster
2025-26,8,preseason,71,4,166408,True,division_roster
2025-26,9,regular_season,71,4,166408,True,division_roster
2025-26,8,preseason,75,4,166411,True,division_roster
2025-26,9,regular_season,75,4,166411,True,division_roster
2025-26,11,play_in,75,4,166411,True,division_roster
2025-26,12,playoffs,75,4,166411,True,division_roster
2025-26,35,finals,75,4,166411,True,division_roster
2025-26,8,preseason,76,4,166412,True,division_roster
2025-26,9,regular_season,76,4,166412,True,division_roster
2025-26,11,play_in,76,4,166412,True,division_roster
2025-26,12,playoffs,76,4,166412,True,division_roster
2025-26,35,finals,76,4,166412,True,division_roster
2025-26,8,preseason,78,4,166413,True,division_roster
2025-26,9,regular_season,78,4,166413,True,division_roster
2025-26,11,play_in,78,4,166413,True,division_roster
2025-26,12,playoffs,78,4,166413,True,division_roster
2025-26,35,finals,78,4,166413,True,division_roster
2025-26,8,preseason,80,4,166415,True,division_roster
2025-26,9,regular_season,80,4,166415,True,division_roster
2025-26,11,play_in,80,4,166415,True,division_roster
2025-26,12,playoffs,80,4,166415,True,division_roster
2025-26,35,finals,80,4,166415,True,division_roster
2025-26,8,preseason,82,4,166416,True,division_roster
2025-26,9,regular_season,82,4,166416,True,division_roster
2025-26,11,play_in,82,4,166416,True,division_roster
2025-26,12,playoffs,82,4,166416,True,division_roster
2025-26,35,finals,82,4,166416,True,division_roster
2025-26,8,preseason,84,4,166417,True,division_roster
2025-26,9,regular_season,84,4,166417,True,division_roster
2025-26,11,play_in,84,4,166417,True,division_roster
2025-26,12,playoffs,84,4,166417,True,division_roster
2025-26,35,finals,84,4,166417,True,division_roster
2025-26,8,preseason,87,4,166421,True,division_roster
2025-26,9,regular_season,87,4,166421,True,division_roster
2025-26,11,play_in,87,4,166421,True,division_roster
2025-26,12,playoffs,87,4,166421,True,division_roster
2025-26,35,finals,87,4,166421,True,division_roster
2025-26,8,preseason,88,4,166425,True,division_roster
2025-26,9,regular_season,88,4,166425,True,division_roster
2025-26,11,play_in,88,4,166425,True,division_roster
2025-26,12,playoffs,88,4,166425,True,division_roster
2025-26,35,finals,88,4,166425,True,division_roster
2025-26,8,preseason,90,4,166426,True,division_roster
2025-26,9,regular_season,90,4,166426,True,division_roster
2025-26,11,play_in,90,4,166426,True,division_roster
2025-26,12,playoffs,90,4,166426,True,division_roster
2025-26,35,finals,90,4,166426,True,division_roster
2025-26,8,preseason,10860,5,166315,True,division_roster
2025-26,9,regular_season,10860,5,166315,True,division_roster
2025-26,11,play_in,10860,5,166315,True,division_roster
2025-26,12,playoffs,10860,5,166315,True,division_roster
2025-26,35,finals,10860,5,166315,True,division_roster
2025-26,8,preseason,10861,5,166320,True,division_roster
2025-26,9,regular_season,10861,5,166320,True,division_roster
2025-26,11,play_in,10861,5,166320,True,division_roster
2025-26,12,playoffs,10861,5,166320,True,division_roster
2025-26,35,finals,10861,5,166320,True,division_roster
2025-26,8,preseason,10884,5,166297,True,division_roster
2025-26,9,regular_season,10884,5,166297,True,division_roster
2025-26,11,play_in,10884,5,166297,True,division_roster
2025-26,12,playoffs,10884,5,166297,True,division_roster
2025-26,35,finals,10884,5,166297,True,division_roster
2025-26,8,preseason,12,5,166311,True,division_roster
2025-26,9,regular_season,12,5,166311,True,division_roster
2025-26,11,play_in,12,5,166311,True,division_roster
2025-26,12,playoffs,12,5,166311,True,division_roster
2025-26,35,finals,12,5,166311,True,division_roster
2025-26,8,preseason,16,5,166317,True,division_roster
2025-26,9,regular_season,16,5,166317,True,division_roster
2025-26,11,play_in,16,5,166317,True,division_roster
2025-26,12,playoffs,16,5,166317,True,division_roster
2025-26,35,finals,16,5,166317,True,division_roster
2025-26,8,preseason,3129,5,166309,True,division_roster
2025-26,9,regular_season,3129,5,166309,True,division_roster
2025-26,11,play_in,3129,5,166309,True,division_roster
2025-26,12,playoffs,3129,5,166309,True,division_roster
2025-26,35,finals,3129,5,166309,True,division_roster
2025-26,8,preseason,54,5,166296,True,division_roster
2025-26,9,regular_season,54,5,166296,True,division_roster
2025-26,11,play_in,54,5,166296,True,division_roster
2025-26,12,playoffs,54,5,166296,True,division_roster
2025-26,35,finals,54,5,166296,True,division_roster
2025-26,8,preseason,55,5,166298,True,division_roster
2025-26,9,regular_season,55,5,166298,True,division_roster
2025-26,11,play_in,55,5,166298,True,division_roster
2025-26,12,playoffs,55,5,166298,True,division_roster
2025-26,35,finals,55,5,166298,True,division_roster
2025-26,8,preseason,56,5,166303,True,division_roster
2025-26,9,regular_season,56,5,166303,True,division_roster
2025-26,11,play_in,56,5,166303,True,division_roster
2025-26,12,playoffs,56,5,166303,True,division_roster
2025-26,35,finals,56,5,166303,True,division_roster
2025-26,8,preseason,57,5,166305,True,division_roster
2025-26,9,regular_season,57,5,166305,True,division_roster
2025-26,11,play_in,57,5,166305,True,division_roster
2025-26,12,playoffs,57,5,166305,True,division_roster
2025-26,35,finals,57,5,166305,True,division_roster
2025-26,8,preseason,58,5,166306,True,division_roster
2025-26,9,regular_season,58,5,166306,True,division_roster
2025-26,11,play_in,58,5,166306,True,division_roster
2025-26,12,playoffs,58,5,166306,True,division_roster
2025-26,35,finals,58,5,166306,True,division_roster
2025-26,8,preseason,60,5,166308,True,division_roster
2025-26,9,regular_season,60,5,166308,True,division_roster
2025-26,11,play_in,60,5,166308,True,division_roster
2025-26,12,playoffs,60,5,166308,True,division_roster
2025-26,35,finals,60,5,166308,True,division_roster
2025-26,8,preseason,62,5,166307,True,division_roster
2025-26,9,regular_season,62,5,166307,True,division_roster
2025-26,11,play_in,62,5,166307,True,division_roster
2025-26,12,playoffs,62,5,166307,True,division_roster
2025-26,35,finals,62,5,166307,True,division_roster
2025-26,8,preseason,63,5,166312,True,division_roster
2025-26,9,regular_season,63,5,166312,True,division_roster
2025-26,11,play_in,63,5,166312,True,division_roster
2025-26,12,playoffs,63,5,166312,True,division_roster
2025-26,35,finals,63,5,166312,True,division_roster
2025-26,8,preseason,64,5,166313,True,division_roster
2025-26,9,regular_season,64,5,166313,True,division_roster
2025-26,11,play_in,64,5,166313,True,division_roster
2025-26,12,playoffs,64,5,166313,True,division_roster
2025-26,35,finals,64,5,166313,True,division_roster
2025-26,8,preseason,68,5,166319,True,division_roster
2025-26,9,regular_season,68,5,166319,True,division_roster
2025-26,11,play_in,68,5,166319,True,division_roster
2025-26,12,playoffs,68,5,166319,True,division_roster
2025-26,35,finals,68,5,166319,True,division_roster
2025-26,9,regular_season,104,6,185321,True,division_roster
2025-26,11,play_in,104,6,185321,True,division_roster
2025-26,12,playoffs,104,6,185321,True,division_roster
2025-26,35,finals,104,6,185321,True,division_roster
2025-26,8,preseason,10877,6,165993,True,division_roster
2025-26,9,regular_season,10877,6,165993,True,division_roster
2025-26,11,play_in,10877,6,165993,True,division_roster
2025-26,12,playoffs,10877,6,165993,True,division_roster
2025-26,35,finals,10877,6,165993,True,division_roster
2025-26,8,preseason,10878,6,165999,True,division_roster
2025-26,9,regular_season,10878,6,165999,True,division_roster
2025-26,11,play_in,10878,6,165999,True,division_roster
2025-26,12,playoffs,10878,6,165999,True,division_roster
2025-26,35,finals,10878,6,165999,True,division_roster
2025-26,8,preseason,10879,6,166002,True,division_roster
2025-26,9,regular_season,10879,6,166002,True,division_roster
2025-26,11,play_in,10879,6,166002,True,division_roster
2025-26,12,playoffs,10879,6,166002,True,division_roster
2025-26,35,finals,10879,6,166002,True,division_roster
2025-26,8,preseason,10880,6,166006,True,division_roster
2025-26,9,regular_season,10880,6,166006,True,division_roster
2025-26,11,play_in,10880,6,166006,True,division_roster
2025-26,12,playoffs,10880,6,166006,True,division_roster
2025-26,35,finals,10880,6,166006,True,division_roster
2025-26,8,preseason,10881,6,166007,True,division_roster
2025-26,9,regular_season,10881,6,166007,True,division_roster
2025-26,11,play_in,10881,6,166007,True,division_roster
2025-26,12,playoffs,10881,6,166007,True,division_roster
2025-26,35,finals,10881,6,166007,True,division_roster
2025-26,8,preseason,10882,6,166008,True,division_roster
2025-26,9,regular_season,10882,6,166008,True,division_roster
2025-26,8,preseason,10883,6,166009,True,division_roster
2025-26,9,regular_season,10883,6,166009,True,division_roster
2025-26,11,play_in,10883,6,166009,True,division_roster
2025-26,12,playoffs,10883,6,166009,True,division_roster
2025-26,35,finals,10883,6,166009,True,division_roster
2025-26,8,preseason,113,6,165998,True,division_roster
2025-26,9,regular_season,113,6,165998,True,division_roster
2025-26,11,play_in,113,6,165998,True,division_roster
2025-26,12,playoffs,113,6,165998,True,division_roster
2025-26,35,finals,113,6,165998,True,division_roster
2025-26,9,regular_season,14707,6,187125,True,division_roster
2025-26,8,preseason,35,6,165994,True,division_roster
2025-26,9,regular_season,35,6,165994,True,division_roster
2025-26,11,play_in,35,6,165994,True,division_roster
2025-26,12,playoffs,35,6,165994,True,division_roster
2025-26,35,finals,35,6,165994,True,division_roster
2025-26,8,preseason,38,6,165995,True,division_roster
2025-26,9,regular_season,38,6,165995,True,division_roster
2025-26,11,play_in,38,6,165995,True,division_roster
2025-26,12,playoffs,38,6,165995,True,division_roster
2025-26,35,finals,38,6,165995,True,division_roster
2025-26,8,preseason,39,6,165996,True,division_roster
2025-26,9,regular_season,39,6,165996,True,division_roster
2025-26,11,play_in,39,6,165996,True,division_roster
2025-26,12,playoffs,39,6,165996,True,division_roster
2025-26,35,finals,39,6,165996,True,division_roster
2025-26,8,preseason,40,6,165997,True,division_roster
2025-26,9,regular_season,40,6,165997,True,division_roster
2025-26,11,play_in,40,6,165997,True,division_roster
2025-26,12,playoffs,40,6,165997,True,division_roster
2025-26,35,finals,40,6,165997,True,division_roster
2025-26,8,preseason,43,6,166000,True,division_roster
2025-26,9,regular_season,43,6,166000,True,division_roster
2025-26,11,play_in,43,6,166000,True,division_roster
2025-26,12,playoffs,43,6,166000,True,division_roster
2025-26,35,finals,43,6,166000,True,division_roster
2025-26,8,preseason,44,6,166001,True,division_roster
2025-26,9,regular_season,44,6,166001,True,division_roster
2025-26,11,play_in,44,6,166001,True,division_roster
2025-26,12,playoffs,44,6,166001,True,division_roster
2025-26,35,finals,44,6,166001,True,division_roster
2025-26,8,preseason,47,6,166003,True,division_roster
2025-26,9,regular_season,47,6,166003,True,division_roster
2025-26,11,play_in,47,6,166003,True,division_roster
2025-26,12,playoffs,47,6,166003,True,division_roster
2025-26,35,finals,47,6,166003,True,division_roster
2025-26,8,preseason,48,6,166004,True,division_roster
2025-26,9,regular_season,48,6,166004,True,division_roster
2025-26,11,play_in,48,6,166004,True,division_roster
2025-26,12,playoffs,48,6,166004,True,division_roster
2025-26,35,finals,48,6,166004,True,division_roster
2025-26,8,preseason,8889,6,166005,True,division_roster
2025-26,9,regular_season,8889,6,166005,True,division_roster
2025-26,11,play_in,8889,6,166005,True,division_roster
2025-26,12,playoffs,8889,6,166005,True,division_roster
2025-26,35,finals,8889,6,166005,True,division_roster
2025-26,8,preseason,10871,7,165973,True,division_roster
2025-26,9,regular_season,10871,7,165973,True,division_roster
2025-26,11,play_in,10871,7,165973,True,division_roster
2025-26,12,playoffs,10871,7,165973,True,division_roster
2025-26,35,finals,10871,7,165973,True,division_roster
2025-26,8,preseason,10872,7,165980,True,division_roster
2025-26,9,regular_season,10872,7,165980,True,division_roster
2025-26,11,play_in,10872,7,165980,True,division_roster
2025-26,12,playoffs,10872,7,165980,True,division_roster
2025-26,35,finals,10872,7,165980,True,division_roster
2025-26,8,preseason,10873,7,165984,True,division_roster
2025-26,9,regular_season,10873,7,165984,True,division_roster
2025-26,11,play_in,10873,7,165984,True,division_roster
2025-26,12,playoffs,10873,7,165984,True,division_roster
2025-26,35,finals,10873,7,165984,True,division_roster
2025-26,8,preseason,10874,7,165986,True,division_roster
2025-26,9,regular_season,10874,7,165986,True,division_roster
2025-26,11,play_in,10874,7,165986,True,division_roster
2025-26,12,playoffs,10874,7,165986,True,division_roster
2025-26,35,finals,10874,7,165986,True,division_roster
2025-26,8,preseason,10875,7,165990,True,division_roster
2025-26,9,regular_season,10875,7,165990,True,division_roster
2025-26,8,preseason,10876,7,165991,True,division_roster
2025-26,9,regular_season,10876,7,165991,True,division_roster
2025-26,9,regular_season,13029,7,184687,True,division_roster
2025-26,11,play_in,13029,7,184687,True,division_roster
2025-26,12,playoffs,13029,7,184687,True,division_roster
2025-26,35,finals,13029,7,184687,True,division_roster
2025-26,9,regular_season,14038,7,186243,True,division_roster
2025-26,11,play_in,14038,7,186243,True,division_roster
2025-26,12,playoffs,14038,7,186243,True,division_roster
2025-26,35,finals,14038,7,186243,True,division_roster
2025-26,9,regular_season,14303,7,186643,True,division_roster
2025-26,8,preseason,19,7,165970,True,division_roster
2025-26,9,regular_season,19,7,165970,True,division_roster
2025-26,11,play_in,19,7,165970,True,division_roster
2025-26,12,playoffs,19,7,165970,True,division_roster
2025-26,35,finals,19,7,165970,True,division_roster
2025-26,8,preseason,21,7,165972,True,division_roster
2025-26,9,regular_season,21,7,165972,True,division_roster
2025-26,11,play_in,21,7,165972,True,division_roster
2025-26,12,playoffs,21,7,165972,True,division_roster
2025-26,35,finals,21,7,165972,True,division_roster
2025-26,8,preseason,22,7,165978,True,division_roster
2025-26,9,regular_season,22,7,165978,True,division_roster
2025-26,11,play_in,22,7,165978,True,division_roster
2025-26,12,playoffs,22,7,165978,True,division_roster
2025-26,35,finals,22,7,165978,True,division_roster
2025-26,8,preseason,23,7,165979,True,division_roster
2025-26,9,regular_season,23,7,165979,True,division_roster
2025-26,11,play_in,23,7,165979,True,division_roster
2025-26,12,playoffs,23,7,165979,True,division_roster
2025-26,35,finals,23,7,165979,True,division_roster
2025-26,8,preseason,24,7,165982,True,division_roster
2025-26,9,regular_season,24,7,165982,True,division_roster
2025-26,11,play_in,24,7,165982,True,division_roster
2025-26,12,playoffs,24,7,165982,True,division_roster
2025-26,35,finals,24,7,165982,True,division_roster
2025-26,8,preseason,25,7,165983,True,division_roster
2025-26,9,regular_season,25,7,165983,True,division_roster
2025-26,11,play_in,25,7,165983,True,division_roster
2025-26,12,playoffs,25,7,165983,True,division_roster
2025-26,35,finals,25,7,165983,True,division_roster
2025-26,8,preseason,26,7,165985,True,division_roster
2025-26,9,regular_season,26,7,165985,True,division_roster
2025-26,8,preseason,28,7,165981,True,division_roster
2025-26,9,regular_season,28,7,165981,True,division_roster
2025-26,11,play_in,28,7,165981,True,division_roster
2025-26,12,playoffs,28,7,165981,True,division_roster
2025-26,35,finals,28,7,165981,True,division_roster
2025-26,8,preseason,29,7,165967,True,division_roster
2025-26,9,regular_season,29,7,165967,True,division_roster
2025-26,11,play_in,29,7,165967,True,division_roster
2025-26,12,playoffs,29,7,165967,True,division_roster
2025-26,35,finals,29,7,165967,True,division_roster
2025-26,8,preseason,32,7,165988,True,division_roster
2025-26,9,regular_season,32,7,165988,True,division_roster
2025-26,11,play_in,32,7,165988,True,division_roster
2025-26,12,playoffs,32,7,165988,True,division_roster
2025-26,35,finals,32,7,165988,True,division_roster
2025-26,8,preseason,34,7,165989,True,division_roster
2025-26,9,regular_season,34,7,165989,True,division_roster
2025-26,11,play_in,34,7,165989,True,division_roster
2025-26,12,playoffs,34,7,165989,True,division_roster
2025-26,35,finals,34,7,165989,True,division_roster
2025-26,8,preseason,867,7,165987,True,division_roster
2025-26,9,regular_season,867,7,165987,True,division_roster
2025-26,8,preseason,1,8,165766,True,division_roster
2025-26,9,regular_season,1,8,165766,True,division_roster
2025-26,11,play_in,1,8,165766,True,division_roster
2025-26,12,playoffs,1,8,165766,True,division_roster
2025-26,35,finals,1,8,165766,True,division_roster
2025-26,8,preseason,10,8,165784,True,division_roster
2025-26,9,regular_season,10,8,165784,True,division_roster
2025-26,11,play_in,10,8,165784,True,division_roster
2025-26,12,playoffs,10,8,165784,True,division_roster
2025-26,35,finals,10,8,165784,True,division_roster
2025-26,8,preseason,10863,8,165767,True,division_roster
2025-26,9,regular_season,10863,8,165767,True,division_roster
2025-26,11,play_in,10863,8,165767,True,division_roster
2025-26,12,playoffs,10863,8,165767,True,division_roster
2025-26,35,finals,10863,8,165767,True,division_roster
2025-26,8,preseason,10864,8,165771,True,division_roster
2025-26,9,regular_season,10864,8,165771,True,division_roster
2025-26,11,play_in,10864,8,165771,True,division_roster
2025-26,12,playoffs,10864,8,165771,True,division_roster
2025-26,35,finals,10864,8,165771,True,division_roster
2025-26,8,preseason,10865,8,165777,True,division_roster
2025-26,9,regular_season,10865,8,165777,True,division_roster
2025-26,11,play_in,10865,8,165777,True,division_roster
2025-26,12,playoffs,10865,8,165777,True,division_roster
2025-26,35,finals,10865,8,165777,True,division_roster
2025-26,8,preseason,10867,8,165956,True,division_roster
2025-26,9,regular_season,10867,8,165956,True,division_roster
2025-26,11,play_in,10867,8,165956,True,division_roster
2025-26,12,playoffs,10867,8,165956,True,division_roster
2025-26,35,finals,10867,8,165956,True,division_roster
2025-26,8,preseason,10868,8,165960,True,division_roster
2025-26,9,regular_season,10868,8,165960,True,division_roster
2025-26,8,preseason,10869,8,165963,True,division_roster
2025-26,9,regular_season,10869,8,165963,True,division_roster
2025-26,8,preseason,10870,8,165964,True,division_roster
2025-26,9,regular_season,10870,8,165964,True,division_roster
2025-26,8,preseason,11,8,165786,True,division_roster
2025-26,9,regular_season,11,8,165786,True,division_roster
2025-26,11,play_in,11,8,165786,True,division_roster
2025-26,12,playoffs,11,8,165786,True,division_roster
2025-26,35,finals,11,8,165786,True,division_roster
2025-26,8,preseason,13,8,165787,True,division_roster
2025-26,9,regular_season,13,8,165787,True,division_roster
2025-26,11,play_in,13,8,165787,True,division_roster
2025-26,12,playoffs,13,8,165787,True,division_roster
2025-26,35,finals,13,8,165787,True,division_roster
2025-26,9,regular_season,13400,8,185002,True,division_roster
2025-26,9,regular_season,13907,8,185875,True,division_roster
2025-26,11,play_in,13907,8,185875,True,division_roster
2025-26,12,playoffs,13907,8,185875,True,division_roster
2025-26,35,finals,13907,8,185875,True,division_roster
2025-26,8,preseason,14,8,165780,True,division_roster
2025-26,9,regular_season,14,8,165780,True,division_roster
2025-26,11,play_in,14,8,165780,True,division_roster
2025-26,12,playoffs,14,8,165780,True,division_roster
2025-26,35,finals,14,8,165780,True,division_roster
2025-26,9,regular_season,14437,8,187003,True,division_roster
2025-26,11,play_in,14437,8,187003,True,division_roster
2025-26,12,playoffs,14437,8,187003,True,division_roster
2025-26,35,finals,14437,8,187003,True,division_roster
2025-26,9,regular_season,14845,8,187199,True,division_roster
2025-26,11,play_in,14845,8,187199,True,division_roster
2025-26,12,playoffs,14845,8,187199,True,division_roster
2025-26,35,finals,14845,8,187199,True,division_roster
2025-26,8,preseason,2,8,165768,True,division_roster
2025-26,9,regular_season,2,8,165768,True,division_roster
2025-26,11,play_in,2,8,165768,True,division_roster
2025-26,12,playoffs,2,8,165768,True,division_roster
2025-26,35,finals,2,8,165768,True,division_roster
2025-26,8,preseason,3,8,165772,True,division_roster
2025-26,9,regular_season,3,8,165772,True,division_roster
2025-26,11,play_in,3,8,165772,True,division_roster
2025-26,12,playoffs,3,8,165772,True,division_roster
2025-26,35,finals,3,8,165772,True,division_roster
2025-26,8,preseason,4,8,165773,True,division_roster
2025-26,9,regular_season,4,8,165773,True,division_roster
2025-26,11,play_in,4,8,165773,True,division_roster
2025-26,12,playoffs,4,8,165773,True,division_roster
2025-26,35,finals,4,8,165773,True,division_roster
2025-26,8,preseason,5,8,165774,True,division_roster
2025-26,9,regular_season,5,8,165774,True,division_roster
2025-26,11,play_in,5,8,165774,True,division_roster
2025-26,12,playoffs,5,8,165774,True,division_roster
2025-26,35,finals,5,8,165774,True,division_roster
2025-26,8,preseason,7,8,165779,True,division_roster
2025-26,9,regular_season,7,8,165779,True,division_roster
2025-26,11,play_in,7,8,165779,True,division_roster
2025-26,12,playoffs,7,8,165779,True,division_roster
2025-26,35,finals,7,8,165779,True,division_roster
2025-26,8,preseason,9,8,165782,True,division_roster
2025-26,9,regular_season,9,8,165782,True,division_roster
2025-26,11,play_in,9,8,165782,True,division_roster
2025-26,12,playoffs,9,8,165782,True,division_roster
2025-26,35,finals,9,8,165782,True,division_roster
