dataset,variable,missing_count,rows,missing_rate
teams,season,0,7,0.0
teams,team_id,0,7,0.0
teams,team_name_original,0,7,0.0
teams,team_name_english,0,7,0.0
teams,team_name_normalized,0,7,0.0
teams,gohoops_team_id,0,7,0.0
players,season,0,140,0.0
players,player_id,0,140,0.0
players,player_name_original,0,140,0.0
players,player_name_english,3,140,0.02142857142857143
players,player_name_normalized,0,140,0.0
players,gohoops_player_id,0,140,0.0
players,position,0,140,0.0
players,height_cm,0,140,0.0
players,weight_kg,0,140,0.0
players,birthday,0,140,0.0
players,nationality,3,140,0.02142857142857143
players,national_identity,3,140,0.02142857142857143
players,metadata_source,0,140,0.0
games,season,0,150,0.0
games,season_id,0,150,0.0
games,division_id,0,150,0.0
games,competition_phase,0,150,0.0
games,game_id,0,150,0.0
games,gohoops_game_id,0,150,0.0
games,game_date,0,150,0.0
games,game_datetime_local,0,150,0.0
games,timezone,0,150,0.0
games,home_team_id,0,150,0.0
games,away_team_id,0,150,0.0
games,home_team,0,150,0.0
games,away_team,0,150,0.0
games,home_points,0,150,0.0
games,away_points,0,150,0.0
games,status,0,150,0.0
games,venue,0,150,0.0
games,periods,0,150,0.0
player_game_logs,season,0,4059,0.0
player_game_logs,season_id,0,4059,0.0
player_game_logs,division_id,0,4059,0.0
player_game_logs,competition_phase,0,4059,0.0
player_game_logs,game_id,0,4059,0.0
player_game_logs,game_date,0,4059,0.0
player_game_logs,periods,0,4059,0.0
player_game_logs,team_id,0,4059,0.0
player_game_logs,team,0,4059,0.0
player_game_logs,opponent_id,0,4059,0.0
player_game_logs,opponent,0,4059,0.0
player_game_logs,home_away,0,4059,0.0
player_game_logs,source_url,0,4059,0.0
player_game_logs,player_id,0,4059,0.0
player_game_logs,player_name_original,0,4059,0.0
player_game_logs,gohoops_roster_id,0,4059,0.0
player_game_logs,points,729,4059,0.17960088691796008
player_game_logs,FGM,729,4059,0.17960088691796008
player_game_logs,FGA,729,4059,0.17960088691796008
player_game_logs,two_PM,729,4059,0.17960088691796008
player_game_logs,two_PA,729,4059,0.17960088691796008
player_game_logs,three_PM,729,4059,0.17960088691796008
player_game_logs,three_PA,729,4059,0.17960088691796008
player_game_logs,FTM,729,4059,0.17960088691796008
player_game_logs,FTA,729,4059,0.17960088691796008
player_game_logs,OREB,729,4059,0.17960088691796008
player_game_logs,DREB,729,4059,0.17960088691796008
player_game_logs,REB,729,4059,0.17960088691796008
player_game_logs,AST,729,4059,0.17960088691796008
player_game_logs,STL,729,4059,0.17960088691796008
player_game_logs,BLK,729,4059,0.17960088691796008
player_game_logs,TOV,729,4059,0.17960088691796008
player_game_logs,PF,729,4059,0.17960088691796008
player_game_logs,plus_minus,729,4059,0.17960088691796008
player_game_logs,FG_pct,1085,4059,0.2673072185267307
player_game_logs,two_P_pct,1454,4059,0.3582163094358216
player_game_logs,three_P_pct,1416,4059,0.34885439763488546
player_game_logs,FT_pct,2357,4059,0.5806848977580685
player_game_logs,source_FG_pct,729,4059,0.17960088691796008
player_game_logs,source_two_P_pct,729,4059,0.17960088691796008
player_game_logs,source_three_P_pct,729,4059,0.17960088691796008
player_game_logs,source_FT_pct,729,4059,0.17960088691796008
player_game_logs,minutes,729,4059,0.17960088691796008
player_game_logs,time_on_court_seconds,729,4059,0.17960088691796008
player_game_logs,starter,0,4059,0.0
player_game_logs,source_field_goals_missed,729,4059,0.17960088691796008
player_game_logs,source_two_pointers_missed,729,4059,0.17960088691796008
player_game_logs,source_three_pointers_missed,729,4059,0.17960088691796008
player_game_logs,source_free_throws_missed,729,4059,0.17960088691796008
player_game_logs,source_defensive_fouls,729,4059,0.17960088691796008
player_game_logs,source_offensive_fouls,729,4059,0.17960088691796008
player_game_logs,source_personal_fouls,729,4059,0.17960088691796008
player_game_logs,source_points_in_paint,729,4059,0.17960088691796008
player_game_logs,source_second_chance_points,729,4059,0.17960088691796008
player_game_logs,source_fast_break_points,729,4059,0.17960088691796008
player_game_logs,source_efficiency,729,4059,0.17960088691796008
player_game_logs,source_efg,729,4059,0.17960088691796008
player_game_logs,source_tsp,729,4059,0.17960088691796008
player_game_logs,source_pir,729,4059,0.17960088691796008
player_game_logs,source_field_goals_made_in_the_paint,729,4059,0.17960088691796008
player_game_logs,source_field_goals_missed_in_the_paint,729,4059,0.17960088691796008
player_game_logs,source_field_goals_attempted_in_the_paint,729,4059,0.17960088691796008
player_game_logs,source_field_goals_made_on_fast_break,729,4059,0.17960088691796008
player_game_logs,source_field_goals_missed_on_fast_break,729,4059,0.17960088691796008
player_game_logs,source_field_goals_attempted_on_fast_break,729,4059,0.17960088691796008
player_game_logs,source_field_goals_made_on_second_chance,729,4059,0.17960088691796008
player_game_logs,source_field_goals_missed_on_second_chance,729,4059,0.17960088691796008
player_game_logs,source_field_goals_attempted_on_second_chance,729,4059,0.17960088691796008
player_game_logs,source_technical_fouls,729,4059,0.17960088691796008
player_game_logs,source_unsportsmanlike_fouls,729,4059,0.17960088691796008
player_game_logs,source_disqualifying_fouls,729,4059,0.17960088691796008
player_game_logs,source_bad_pass_turnovers,729,4059,0.17960088691796008
player_game_logs,source_ball_handling_turnovers,729,4059,0.17960088691796008
player_game_logs,source_out_of_bounds_turnovers,729,4059,0.17960088691796008
player_game_logs,source_travel_turnovers,729,4059,0.17960088691796008
player_game_logs,source_three_seconds_turnovers,729,4059,0.17960088691796008
player_game_logs,source_five_seconds_turnovers,729,4059,0.17960088691796008
player_game_logs,source_back_court_turnovers,729,4059,0.17960088691796008
player_game_logs,source_offensive_goal_tending_turnovers,729,4059,0.17960088691796008
player_game_logs,source_double_dribble_turnovers,729,4059,0.17960088691796008
player_game_logs,source_carry_turnovers,729,4059,0.17960088691796008
player_game_logs,source_offensive_foul_turnovers,729,4059,0.17960088691796008
player_game_logs,source_other_turnovers,729,4059,0.17960088691796008
player_game_logs,source_points_off_turnovers,729,4059,0.17960088691796008
player_game_logs,source_two_pointers_jump_shot_made,729,4059,0.17960088691796008
player_game_logs,source_two_pointers_jump_shot_missed,729,4059,0.17960088691796008
player_game_logs,source_two_pointers_jump_shot_attempted,729,4059,0.17960088691796008
player_game_logs,source_three_pointers_jump_shot_made,729,4059,0.17960088691796008
player_game_logs,source_three_pointers_jump_shot_missed,729,4059,0.17960088691796008
player_game_logs,source_three_pointers_jump_shot_attempted,729,4059,0.17960088691796008
player_game_logs,source_two_pointers_layup_made,729,4059,0.17960088691796008
player_game_logs,source_two_pointers_layup_missed,729,4059,0.17960088691796008
player_game_logs,source_two_pointers_layup_attempted,729,4059,0.17960088691796008
player_game_logs,source_two_pointers_driving_layup_made,729,4059,0.17960088691796008
player_game_logs,source_two_pointers_driving_layup_missed,729,4059,0.17960088691796008
player_game_logs,source_two_pointers_driving_layup_attempted,729,4059,0.17960088691796008
player_game_logs,source_two_pointers_dunk_made,729,4059,0.17960088691796008
player_game_logs,source_two_pointers_dunk_missed,729,4059,0.17960088691796008
player_game_logs,source_two_pointers_dunk_attempted,729,4059,0.17960088691796008
player_game_logs,source_two_pointers_putback_dunk_made,729,4059,0.17960088691796008
player_game_logs,source_two_pointers_putback_dunk_missed,729,4059,0.17960088691796008
player_game_logs,source_two_pointers_putback_dunk_attempted,729,4059,0.17960088691796008
player_game_logs,source_two_pointers_putback_tip_in_made,729,4059,0.17960088691796008
player_game_logs,source_two_pointers_putback_tip_in_missed,729,4059,0.17960088691796008
player_game_logs,source_two_pointers_putback_tip_in_attempted,729,4059,0.17960088691796008
player_game_logs,source_two_pointers_alley_oop_made,729,4059,0.17960088691796008
player_game_logs,source_two_pointers_alley_oop_missed,729,4059,0.17960088691796008
player_game_logs,source_two_pointers_alley_oop_attempted,729,4059,0.17960088691796008
player_game_logs,source_two_pointers_hook_shot_made,729,4059,0.17960088691796008
player_game_logs,source_two_pointers_hook_shot_missed,729,4059,0.17960088691796008
player_game_logs,source_two_pointers_hook_shot_attempted,729,4059,0.17960088691796008
player_game_logs,source_three_pointers_hook_shot_made,729,4059,0.17960088691796008
player_game_logs,source_three_pointers_hook_shot_missed,729,4059,0.17960088691796008
player_game_logs,source_three_pointers_hook_shot_attempted,729,4059,0.17960088691796008
player_game_logs,source_two_pointers_floating_jump_shot_made,729,4059,0.17960088691796008
player_game_logs,source_two_pointers_floating_jump_shot_missed,729,4059,0.17960088691796008
player_game_logs,source_two_pointers_floating_jump_shot_attempted,729,4059,0.17960088691796008
player_game_logs,source_three_pointers_floating_jump_shot_made,729,4059,0.17960088691796008
player_game_logs,source_three_pointers_floating_jump_shot_missed,729,4059,0.17960088691796008
player_game_logs,source_three_pointers_floating_jump_shot_attempted,729,4059,0.17960088691796008
player_game_logs,source_two_pointers_fadeaway_jump_shot_made,729,4059,0.17960088691796008
player_game_logs,source_two_pointers_fadeaway_jump_shot_missed,729,4059,0.17960088691796008
player_game_logs,source_two_pointers_fadeaway_jump_shot_attempted,729,4059,0.17960088691796008
player_game_logs,source_three_pointers_fadeaway_jump_shot_made,729,4059,0.17960088691796008
player_game_logs,source_three_pointers_fadeaway_jump_shot_missed,729,4059,0.17960088691796008
player_game_logs,source_three_pointers_fadeaway_jump_shot_attempted,729,4059,0.17960088691796008
player_game_logs,source_two_pointers_turnaround_jump_shot_made,729,4059,0.17960088691796008
player_game_logs,source_two_pointers_turnaround_jump_shot_missed,729,4059,0.17960088691796008
player_game_logs,source_two_pointers_turnaround_jump_shot_attempted,729,4059,0.17960088691796008
player_game_logs,source_three_pointers_turnaround_jump_shot_made,729,4059,0.17960088691796008
player_game_logs,source_three_pointers_turnaround_jump_shot_missed,729,4059,0.17960088691796008
player_game_logs,source_three_pointers_turnaround_jump_shot_attempted,729,4059,0.17960088691796008
player_game_logs,source_two_pointers_step_back_jump_shot_made,729,4059,0.17960088691796008
player_game_logs,source_two_pointers_step_back_jump_shot_missed,729,4059,0.17960088691796008
player_game_logs,source_two_pointers_step_back_jump_shot_attempted,729,4059,0.17960088691796008
player_game_logs,source_three_pointers_step_back_jump_shot_made,729,4059,0.17960088691796008
player_game_logs,source_three_pointers_step_back_jump_shot_missed,729,4059,0.17960088691796008
player_game_logs,source_three_pointers_step_back_jump_shot_attempted,729,4059,0.17960088691796008
player_game_logs,source_two_pointers_pull_up_jump_shot_made,729,4059,0.17960088691796008
player_game_logs,source_two_pointers_pull_up_jump_shot_missed,729,4059,0.17960088691796008
player_game_logs,source_two_pointers_pull_up_jump_shot_attempted,729,4059,0.17960088691796008
player_game_logs,source_three_pointers_pull_up_jump_shot_made,729,4059,0.17960088691796008
player_game_logs,source_three_pointers_pull_up_jump_shot_missed,729,4059,0.17960088691796008
player_game_logs,source_three_pointers_pull_up_jump_shot_attempted,729,4059,0.17960088691796008
player_game_logs,result,0,4059,0.0
player_game_logs,appearance,0,4059,0.0
player_game_logs,participation_status,0,4059,0.0
player_game_logs,eFG_pct,1085,4059,0.2673072185267307
player_game_logs,TS_pct,1053,4059,0.25942350332594233
player_game_logs,three_PA_rate,1085,4059,0.2673072185267307
player_game_logs,FT_rate,1085,4059,0.2673072185267307
player_game_logs,AST_TOV,1970,4059,0.4853412170485341
player_game_logs,player_name_english,97,4059,0.02389751170238975
player_game_logs,player_name_normalized,0,4059,0.0
team_game_logs,season,0,300,0.0
team_game_logs,season_id,0,300,0.0
team_game_logs,division_id,0,300,0.0
team_game_logs,competition_phase,0,300,0.0
team_game_logs,game_id,0,300,0.0
team_game_logs,game_date,0,300,0.0
team_game_logs,periods,0,300,0.0
team_game_logs,team_id,0,300,0.0
team_game_logs,team,0,300,0.0
team_game_logs,opponent_id,0,300,0.0
team_game_logs,opponent,0,300,0.0
team_game_logs,home_away,0,300,0.0
team_game_logs,source_url,0,300,0.0
team_game_logs,FGM,0,300,0.0
team_game_logs,FGA,0,300,0.0
team_game_logs,two_PM,0,300,0.0
team_game_logs,two_PA,0,300,0.0
team_game_logs,three_PM,0,300,0.0
team_game_logs,three_PA,0,300,0.0
team_game_logs,FTM,0,300,0.0
team_game_logs,FTA,0,300,0.0
team_game_logs,OREB,0,300,0.0
team_game_logs,DREB,0,300,0.0
team_game_logs,REB,0,300,0.0
team_game_logs,AST,0,300,0.0
team_game_logs,STL,0,300,0.0
team_game_logs,BLK,0,300,0.0
team_game_logs,TOV,0,300,0.0
team_game_logs,PF,0,300,0.0
team_game_logs,FG_pct,0,300,0.0
team_game_logs,two_P_pct,0,300,0.0
team_game_logs,three_P_pct,0,300,0.0
team_game_logs,FT_pct,0,300,0.0
team_game_logs,source_FG_pct,0,300,0.0
team_game_logs,source_two_P_pct,0,300,0.0
team_game_logs,source_three_P_pct,0,300,0.0
team_game_logs,source_FT_pct,0,300,0.0
team_game_logs,team_points,0,300,0.0
team_game_logs,opponent_points,0,300,0.0
team_game_logs,source_field_goals_missed,0,300,0.0
team_game_logs,source_two_pointers_missed,0,300,0.0
team_game_logs,source_three_pointers_missed,0,300,0.0
team_game_logs,source_free_throws_missed,0,300,0.0
team_game_logs,source_defensive_fouls,0,300,0.0
team_game_logs,source_offensive_fouls,0,300,0.0
team_game_logs,source_personal_fouls,0,300,0.0
team_game_logs,source_points_in_paint,0,300,0.0
team_game_logs,source_second_chance_points,0,300,0.0
team_game_logs,source_fast_break_points,0,300,0.0
team_game_logs,win_loss,0,300,0.0
team_game_logs,possessions_est,0,300,0.0
team_game_logs,ORtg,0,300,0.0
team_game_logs,opponent_possessions_est,0,300,0.0
team_game_logs,DRtg,0,300,0.0
team_game_logs,Net_Rating,0,300,0.0
roster_memberships,season,0,609,0.0
roster_memberships,division_id,0,609,0.0
roster_memberships,competition_phase,0,609,0.0
roster_memberships,player_id,0,609,0.0
roster_memberships,team_id,0,609,0.0
roster_memberships,gohoops_roster_id,0,609,0.0
roster_memberships,registered,0,609,0.0
roster_memberships,source,0,609,0.0
target_players_2025_26,season,0,128,0.0
target_players_2025_26,season_id,0,128,0.0
target_players_2025_26,division_id,0,128,0.0
target_players_2025_26,competition_phase,0,128,0.0
target_players_2025_26,game_id,0,128,0.0
target_players_2025_26,game_date,0,128,0.0
target_players_2025_26,periods,0,128,0.0
target_players_2025_26,team_id,0,128,0.0
target_players_2025_26,team,0,128,0.0
target_players_2025_26,opponent_id,0,128,0.0
target_players_2025_26,opponent,0,128,0.0
target_players_2025_26,home_away,0,128,0.0
target_players_2025_26,source_url,0,128,0.0
target_players_2025_26,player_id,0,128,0.0
target_players_2025_26,player_name_original,0,128,0.0
target_players_2025_26,gohoops_roster_id,0,128,0.0
target_players_2025_26,points,1,128,0.0078125
target_players_2025_26,FGM,1,128,0.0078125
target_players_2025_26,FGA,1,128,0.0078125
target_players_2025_26,two_PM,1,128,0.0078125
target_players_2025_26,two_PA,1,128,0.0078125
target_players_2025_26,three_PM,1,128,0.0078125
target_players_2025_26,three_PA,1,128,0.0078125
target_players_2025_26,FTM,1,128,0.0078125
target_players_2025_26,FTA,1,128,0.0078125
target_players_2025_26,OREB,1,128,0.0078125
target_players_2025_26,DREB,1,128,0.0078125
target_players_2025_26,REB,1,128,0.0078125
target_players_2025_26,AST,1,128,0.0078125
target_players_2025_26,STL,1,128,0.0078125
target_players_2025_26,BLK,1,128,0.0078125
target_players_2025_26,TOV,1,128,0.0078125
target_players_2025_26,PF,1,128,0.0078125
target_players_2025_26,plus_minus,1,128,0.0078125
target_players_2025_26,FG_pct,1,128,0.0078125
target_players_2025_26,two_P_pct,1,128,0.0078125
target_players_2025_26,three_P_pct,33,128,0.2578125
target_players_2025_26,FT_pct,5,128,0.0390625
target_players_2025_26,source_FG_pct,1,128,0.0078125
target_players_2025_26,source_two_P_pct,1,128,0.0078125
target_players_2025_26,source_three_P_pct,1,128,0.0078125
target_players_2025_26,source_FT_pct,1,128,0.0078125
target_players_2025_26,minutes,1,128,0.0078125
target_players_2025_26,time_on_court_seconds,1,128,0.0078125
target_players_2025_26,starter,0,128,0.0
target_players_2025_26,source_field_goals_missed,1,128,0.0078125
target_players_2025_26,source_two_pointers_missed,1,128,0.0078125
target_players_2025_26,source_three_pointers_missed,1,128,0.0078125
target_players_2025_26,source_free_throws_missed,1,128,0.0078125
target_players_2025_26,source_defensive_fouls,1,128,0.0078125
target_players_2025_26,source_offensive_fouls,1,128,0.0078125
target_players_2025_26,source_personal_fouls,1,128,0.0078125
target_players_2025_26,source_points_in_paint,1,128,0.0078125
target_players_2025_26,source_second_chance_points,1,128,0.0078125
target_players_2025_26,source_fast_break_points,1,128,0.0078125
target_players_2025_26,source_efficiency,1,128,0.0078125
target_players_2025_26,source_efg,1,128,0.0078125
target_players_2025_26,source_tsp,1,128,0.0078125
target_players_2025_26,source_pir,1,128,0.0078125
target_players_2025_26,source_field_goals_made_in_the_paint,1,128,0.0078125
target_players_2025_26,source_field_goals_missed_in_the_paint,1,128,0.0078125
target_players_2025_26,source_field_goals_attempted_in_the_paint,1,128,0.0078125
target_players_2025_26,source_field_goals_made_on_fast_break,1,128,0.0078125
target_players_2025_26,source_field_goals_missed_on_fast_break,1,128,0.0078125
target_players_2025_26,source_field_goals_attempted_on_fast_break,1,128,0.0078125
target_players_2025_26,source_field_goals_made_on_second_chance,1,128,0.0078125
target_players_2025_26,source_field_goals_missed_on_second_chance,1,128,0.0078125
target_players_2025_26,source_field_goals_attempted_on_second_chance,1,128,0.0078125
target_players_2025_26,source_technical_fouls,1,128,0.0078125
target_players_2025_26,source_unsportsmanlike_fouls,1,128,0.0078125
target_players_2025_26,source_disqualifying_fouls,1,128,0.0078125
target_players_2025_26,source_bad_pass_turnovers,1,128,0.0078125
target_players_2025_26,source_ball_handling_turnovers,1,128,0.0078125
target_players_2025_26,source_out_of_bounds_turnovers,1,128,0.0078125
target_players_2025_26,source_travel_turnovers,1,128,0.0078125
target_players_2025_26,source_three_seconds_turnovers,1,128,0.0078125
target_players_2025_26,source_five_seconds_turnovers,1,128,0.0078125
target_players_2025_26,source_back_court_turnovers,1,128,0.0078125
target_players_2025_26,source_offensive_goal_tending_turnovers,1,128,0.0078125
target_players_2025_26,source_double_dribble_turnovers,1,128,0.0078125
target_players_2025_26,source_carry_turnovers,1,128,0.0078125
target_players_2025_26,source_offensive_foul_turnovers,1,128,0.0078125
target_players_2025_26,source_other_turnovers,1,128,0.0078125
target_players_2025_26,source_points_off_turnovers,1,128,0.0078125
target_players_2025_26,source_two_pointers_jump_shot_made,1,128,0.0078125
target_players_2025_26,source_two_pointers_jump_shot_missed,1,128,0.0078125
target_players_2025_26,source_two_pointers_jump_shot_attempted,1,128,0.0078125
target_players_2025_26,source_three_pointers_jump_shot_made,1,128,0.0078125
target_players_2025_26,source_three_pointers_jump_shot_missed,1,128,0.0078125
target_players_2025_26,source_three_pointers_jump_shot_attempted,1,128,0.0078125
target_players_2025_26,source_two_pointers_layup_made,1,128,0.0078125
target_players_2025_26,source_two_pointers_layup_missed,1,128,0.0078125
target_players_2025_26,source_two_pointers_layup_attempted,1,128,0.0078125
target_players_2025_26,source_two_pointers_driving_layup_made,1,128,0.0078125
target_players_2025_26,source_two_pointers_driving_layup_missed,1,128,0.0078125
target_players_2025_26,source_two_pointers_driving_layup_attempted,1,128,0.0078125
target_players_2025_26,source_two_pointers_dunk_made,1,128,0.0078125
target_players_2025_26,source_two_pointers_dunk_missed,1,128,0.0078125
target_players_2025_26,source_two_pointers_dunk_attempted,1,128,0.0078125
target_players_2025_26,source_two_pointers_putback_dunk_made,1,128,0.0078125
target_players_2025_26,source_two_pointers_putback_dunk_missed,1,128,0.0078125
target_players_2025_26,source_two_pointers_putback_dunk_attempted,1,128,0.0078125
target_players_2025_26,source_two_pointers_putback_tip_in_made,1,128,0.0078125
target_players_2025_26,source_two_pointers_putback_tip_in_missed,1,128,0.0078125
target_players_2025_26,source_two_pointers_putback_tip_in_attempted,1,128,0.0078125
target_players_2025_26,source_two_pointers_alley_oop_made,1,128,0.0078125
target_players_2025_26,source_two_pointers_alley_oop_missed,1,128,0.0078125
target_players_2025_26,source_two_pointers_alley_oop_attempted,1,128,0.0078125
target_players_2025_26,source_two_pointers_hook_shot_made,1,128,0.0078125
target_players_2025_26,source_two_pointers_hook_shot_missed,1,128,0.0078125
target_players_2025_26,source_two_pointers_hook_shot_attempted,1,128,0.0078125
target_players_2025_26,source_three_pointers_hook_shot_made,1,128,0.0078125
target_players_2025_26,source_three_pointers_hook_shot_missed,1,128,0.0078125
target_players_2025_26,source_three_pointers_hook_shot_attempted,1,128,0.0078125
target_players_2025_26,source_two_pointers_floating_jump_shot_made,1,128,0.0078125
target_players_2025_26,source_two_pointers_floating_jump_shot_missed,1,128,0.0078125
target_players_2025_26,source_two_pointers_floating_jump_shot_attempted,1,128,0.0078125
target_players_2025_26,source_three_pointers_floating_jump_shot_made,1,128,0.0078125
target_players_2025_26,source_three_pointers_floating_jump_shot_missed,1,128,0.0078125
target_players_2025_26,source_three_pointers_floating_jump_shot_attempted,1,128,0.0078125
target_players_2025_26,source_two_pointers_fadeaway_jump_shot_made,1,128,0.0078125
target_players_2025_26,source_two_pointers_fadeaway_jump_shot_missed,1,128,0.0078125
target_players_2025_26,source_two_pointers_fadeaway_jump_shot_attempted,1,128,0.0078125
target_players_2025_26,source_three_pointers_fadeaway_jump_shot_made,1,128,0.0078125
target_players_2025_26,source_three_pointers_fadeaway_jump_shot_missed,1,128,0.0078125
target_players_2025_26,source_three_pointers_fadeaway_jump_shot_attempted,1,128,0.0078125
target_players_2025_26,source_two_pointers_turnaround_jump_shot_made,1,128,0.0078125
target_players_2025_26,source_two_pointers_turnaround_jump_shot_missed,1,128,0.0078125
target_players_2025_26,source_two_pointers_turnaround_jump_shot_attempted,1,128,0.0078125
target_players_2025_26,source_three_pointers_turnaround_jump_shot_made,1,128,0.0078125
target_players_2025_26,source_three_pointers_turnaround_jump_shot_missed,1,128,0.0078125
target_players_2025_26,source_three_pointers_turnaround_jump_shot_attempted,1,128,0.0078125
target_players_2025_26,source_two_pointers_step_back_jump_shot_made,1,128,0.0078125
target_players_2025_26,source_two_pointers_step_back_jump_shot_missed,1,128,0.0078125
target_players_2025_26,source_two_pointers_step_back_jump_shot_attempted,1,128,0.0078125
target_players_2025_26,source_three_pointers_step_back_jump_shot_made,1,128,0.0078125
target_players_2025_26,source_three_pointers_step_back_jump_shot_missed,1,128,0.0078125
target_players_2025_26,source_three_pointers_step_back_jump_shot_attempted,1,128,0.0078125
target_players_2025_26,source_two_pointers_pull_up_jump_shot_made,1,128,0.0078125
target_players_2025_26,source_two_pointers_pull_up_jump_shot_missed,1,128,0.0078125
target_players_2025_26,source_two_pointers_pull_up_jump_shot_attempted,1,128,0.0078125
target_players_2025_26,source_three_pointers_pull_up_jump_shot_made,1,128,0.0078125
target_players_2025_26,source_three_pointers_pull_up_jump_shot_missed,1,128,0.0078125
target_players_2025_26,source_three_pointers_pull_up_jump_shot_attempted,1,128,0.0078125
target_players_2025_26,result,0,128,0.0
target_players_2025_26,appearance,0,128,0.0
target_players_2025_26,participation_status,0,128,0.0
target_players_2025_26,eFG_pct,1,128,0.0078125
target_players_2025_26,TS_pct,1,128,0.0078125
target_players_2025_26,three_PA_rate,1,128,0.0078125
target_players_2025_26,FT_rate,1,128,0.0078125
target_players_2025_26,AST_TOV,14,128,0.109375
target_players_2025_26,player_name_english,0,128,0.0
target_players_2025_26,player_name_normalized,0,128,0.0
tpbl_2025_26_analysis_ready,season,0,4059,0.0
tpbl_2025_26_analysis_ready,season_id,0,4059,0.0
tpbl_2025_26_analysis_ready,division_id,0,4059,0.0
tpbl_2025_26_analysis_ready,competition_phase,0,4059,0.0
tpbl_2025_26_analysis_ready,game_id,0,4059,0.0
tpbl_2025_26_analysis_ready,game_date,0,4059,0.0
tpbl_2025_26_analysis_ready,periods,0,4059,0.0
tpbl_2025_26_analysis_ready,team_id,0,4059,0.0
tpbl_2025_26_analysis_ready,team,0,4059,0.0
tpbl_2025_26_analysis_ready,opponent_id,0,4059,0.0
tpbl_2025_26_analysis_ready,opponent,0,4059,0.0
tpbl_2025_26_analysis_ready,home_away,0,4059,0.0
tpbl_2025_26_analysis_ready,source_url,0,4059,0.0
tpbl_2025_26_analysis_ready,player_id,0,4059,0.0
tpbl_2025_26_analysis_ready,player_name_original,0,4059,0.0
tpbl_2025_26_analysis_ready,gohoops_roster_id,0,4059,0.0
tpbl_2025_26_analysis_ready,points,729,4059,0.17960088691796008
tpbl_2025_26_analysis_ready,FGM,729,4059,0.17960088691796008
tpbl_2025_26_analysis_ready,FGA,729,4059,0.17960088691796008
tpbl_2025_26_analysis_ready,two_PM,729,4059,0.17960088691796008
tpbl_2025_26_analysis_ready,two_PA,729,4059,0.17960088691796008
tpbl_2025_26_analysis_ready,three_PM,729,4059,0.17960088691796008
tpbl_2025_26_analysis_ready,three_PA,729,4059,0.17960088691796008
tpbl_2025_26_analysis_ready,FTM,729,4059,0.17960088691796008
tpbl_2025_26_analysis_ready,FTA,729,4059,0.17960088691796008
tpbl_2025_26_analysis_ready,OREB,729,4059,0.17960088691796008
tpbl_2025_26_analysis_ready,DREB,729,4059,0.17960088691796008
tpbl_2025_26_analysis_ready,REB,729,4059,0.17960088691796008
tpbl_2025_26_analysis_ready,AST,729,4059,0.17960088691796008
tpbl_2025_26_analysis_ready,STL,729,4059,0.17960088691796008
tpbl_2025_26_analysis_ready,BLK,729,4059,0.17960088691796008
tpbl_2025_26_analysis_ready,TOV,729,4059,0.17960088691796008
tpbl_2025_26_analysis_ready,PF,729,4059,0.17960088691796008
tpbl_2025_26_analysis_ready,plus_minus,729,4059,0.17960088691796008
tpbl_2025_26_analysis_ready,FG_pct,1085,4059,0.2673072185267307
tpbl_2025_26_analysis_ready,two_P_pct,1454,4059,0.3582163094358216
tpbl_2025_26_analysis_ready,three_P_pct,1416,4059,0.34885439763488546
tpbl_2025_26_analysis_ready,FT_pct,2357,4059,0.5806848977580685
tpbl_2025_26_analysis_ready,source_FG_pct,729,4059,0.17960088691796008
tpbl_2025_26_analysis_ready,source_two_P_pct,729,4059,0.17960088691796008
tpbl_2025_26_analysis_ready,source_three_P_pct,729,4059,0.17960088691796008
tpbl_2025_26_analysis_ready,source_FT_pct,729,4059,0.17960088691796008
tpbl_2025_26_analysis_ready,minutes,729,4059,0.17960088691796008
tpbl_2025_26_analysis_ready,time_on_court_seconds,729,4059,0.17960088691796008
tpbl_2025_26_analysis_ready,starter,0,4059,0.0
tpbl_2025_26_analysis_ready,source_field_goals_missed,729,4059,0.17960088691796008
tpbl_2025_26_analysis_ready,source_two_pointers_missed,729,4059,0.17960088691796008
tpbl_2025_26_analysis_ready,source_three_pointers_missed,729,4059,0.17960088691796008
tpbl_2025_26_analysis_ready,source_free_throws_missed,729,4059,0.17960088691796008
tpbl_2025_26_analysis_ready,source_defensive_fouls,729,4059,0.17960088691796008
tpbl_2025_26_analysis_ready,source_offensive_fouls,729,4059,0.17960088691796008
tpbl_2025_26_analysis_ready,source_personal_fouls,729,4059,0.17960088691796008
tpbl_2025_26_analysis_ready,source_points_in_paint,729,4059,0.17960088691796008
tpbl_2025_26_analysis_ready,source_second_chance_points,729,4059,0.17960088691796008
tpbl_2025_26_analysis_ready,source_fast_break_points,729,4059,0.17960088691796008
tpbl_2025_26_analysis_ready,source_efficiency,729,4059,0.17960088691796008
tpbl_2025_26_analysis_ready,source_efg,729,4059,0.17960088691796008
tpbl_2025_26_analysis_ready,source_tsp,729,4059,0.17960088691796008
tpbl_2025_26_analysis_ready,source_pir,729,4059,0.17960088691796008
tpbl_2025_26_analysis_ready,source_field_goals_made_in_the_paint,729,4059,0.17960088691796008
tpbl_2025_26_analysis_ready,source_field_goals_missed_in_the_paint,729,4059,0.17960088691796008
tpbl_2025_26_analysis_ready,source_field_goals_attempted_in_the_paint,729,4059,0.17960088691796008
tpbl_2025_26_analysis_ready,source_field_goals_made_on_fast_break,729,4059,0.17960088691796008
tpbl_2025_26_analysis_ready,source_field_goals_missed_on_fast_break,729,4059,0.17960088691796008
tpbl_2025_26_analysis_ready,source_field_goals_attempted_on_fast_break,729,4059,0.17960088691796008
tpbl_2025_26_analysis_ready,source_field_goals_made_on_second_chance,729,4059,0.17960088691796008
tpbl_2025_26_analysis_ready,source_field_goals_missed_on_second_chance,729,4059,0.17960088691796008
tpbl_2025_26_analysis_ready,source_field_goals_attempted_on_second_chance,729,4059,0.17960088691796008
tpbl_2025_26_analysis_ready,source_technical_fouls,729,4059,0.17960088691796008
tpbl_2025_26_analysis_ready,source_unsportsmanlike_fouls,729,4059,0.17960088691796008
tpbl_2025_26_analysis_ready,source_disqualifying_fouls,729,4059,0.17960088691796008
tpbl_2025_26_analysis_ready,source_bad_pass_turnovers,729,4059,0.17960088691796008
tpbl_2025_26_analysis_ready,source_ball_handling_turnovers,729,4059,0.17960088691796008
tpbl_2025_26_analysis_ready,source_out_of_bounds_turnovers,729,4059,0.17960088691796008
tpbl_2025_26_analysis_ready,source_travel_turnovers,729,4059,0.17960088691796008
tpbl_2025_26_analysis_ready,source_three_seconds_turnovers,729,4059,0.17960088691796008
tpbl_2025_26_analysis_ready,source_five_seconds_turnovers,729,4059,0.17960088691796008
tpbl_2025_26_analysis_ready,source_back_court_turnovers,729,4059,0.17960088691796008
tpbl_2025_26_analysis_ready,source_offensive_goal_tending_turnovers,729,4059,0.17960088691796008
tpbl_2025_26_analysis_ready,source_double_dribble_turnovers,729,4059,0.17960088691796008
tpbl_2025_26_analysis_ready,source_carry_turnovers,729,4059,0.17960088691796008
tpbl_2025_26_analysis_ready,source_offensive_foul_turnovers,729,4059,0.17960088691796008
tpbl_2025_26_analysis_ready,source_other_turnovers,729,4059,0.17960088691796008
tpbl_2025_26_analysis_ready,source_points_off_turnovers,729,4059,0.17960088691796008
tpbl_2025_26_analysis_ready,source_two_pointers_jump_shot_made,729,4059,0.17960088691796008
tpbl_2025_26_analysis_ready,source_two_pointers_jump_shot_missed,729,4059,0.17960088691796008
tpbl_2025_26_analysis_ready,source_two_pointers_jump_shot_attempted,729,4059,0.17960088691796008
tpbl_2025_26_analysis_ready,source_three_pointers_jump_shot_made,729,4059,0.17960088691796008
tpbl_2025_26_analysis_ready,source_three_pointers_jump_shot_missed,729,4059,0.17960088691796008
tpbl_2025_26_analysis_ready,source_three_pointers_jump_shot_attempted,729,4059,0.17960088691796008
tpbl_2025_26_analysis_ready,source_two_pointers_layup_made,729,4059,0.17960088691796008
tpbl_2025_26_analysis_ready,source_two_pointers_layup_missed,729,4059,0.17960088691796008
tpbl_2025_26_analysis_ready,source_two_pointers_layup_attempted,729,4059,0.17960088691796008
tpbl_2025_26_analysis_ready,source_two_pointers_driving_layup_made,729,4059,0.17960088691796008
tpbl_2025_26_analysis_ready,source_two_pointers_driving_layup_missed,729,4059,0.17960088691796008
tpbl_2025_26_analysis_ready,source_two_pointers_driving_layup_attempted,729,4059,0.17960088691796008
tpbl_2025_26_analysis_ready,source_two_pointers_dunk_made,729,4059,0.17960088691796008
tpbl_2025_26_analysis_ready,source_two_pointers_dunk_missed,729,4059,0.17960088691796008
tpbl_2025_26_analysis_ready,source_two_pointers_dunk_attempted,729,4059,0.17960088691796008
tpbl_2025_26_analysis_ready,source_two_pointers_putback_dunk_made,729,4059,0.17960088691796008
tpbl_2025_26_analysis_ready,source_two_pointers_putback_dunk_missed,729,4059,0.17960088691796008
tpbl_2025_26_analysis_ready,source_two_pointers_putback_dunk_attempted,729,4059,0.17960088691796008
tpbl_2025_26_analysis_ready,source_two_pointers_putback_tip_in_made,729,4059,0.17960088691796008
tpbl_2025_26_analysis_ready,source_two_pointers_putback_tip_in_missed,729,4059,0.17960088691796008
tpbl_2025_26_analysis_ready,source_two_pointers_putback_tip_in_attempted,729,4059,0.17960088691796008
tpbl_2025_26_analysis_ready,source_two_pointers_alley_oop_made,729,4059,0.17960088691796008
tpbl_2025_26_analysis_ready,source_two_pointers_alley_oop_missed,729,4059,0.17960088691796008
tpbl_2025_26_analysis_ready,source_two_pointers_alley_oop_attempted,729,4059,0.17960088691796008
tpbl_2025_26_analysis_ready,source_two_pointers_hook_shot_made,729,4059,0.17960088691796008
tpbl_2025_26_analysis_ready,source_two_pointers_hook_shot_missed,729,4059,0.17960088691796008
tpbl_2025_26_analysis_ready,source_two_pointers_hook_shot_attempted,729,4059,0.17960088691796008
tpbl_2025_26_analysis_ready,source_three_pointers_hook_shot_made,729,4059,0.17960088691796008
tpbl_2025_26_analysis_ready,source_three_pointers_hook_shot_missed,729,4059,0.17960088691796008
tpbl_2025_26_analysis_ready,source_three_pointers_hook_shot_attempted,729,4059,0.17960088691796008
tpbl_2025_26_analysis_ready,source_two_pointers_floating_jump_shot_made,729,4059,0.17960088691796008
tpbl_2025_26_analysis_ready,source_two_pointers_floating_jump_shot_missed,729,4059,0.17960088691796008
tpbl_2025_26_analysis_ready,source_two_pointers_floating_jump_shot_attempted,729,4059,0.17960088691796008
tpbl_2025_26_analysis_ready,source_three_pointers_floating_jump_shot_made,729,4059,0.17960088691796008
tpbl_2025_26_analysis_ready,source_three_pointers_floating_jump_shot_missed,729,4059,0.17960088691796008
tpbl_2025_26_analysis_ready,source_three_pointers_floating_jump_shot_attempted,729,4059,0.17960088691796008
tpbl_2025_26_analysis_ready,source_two_pointers_fadeaway_jump_shot_made,729,4059,0.17960088691796008
tpbl_2025_26_analysis_ready,source_two_pointers_fadeaway_jump_shot_missed,729,4059,0.17960088691796008
tpbl_2025_26_analysis_ready,source_two_pointers_fadeaway_jump_shot_attempted,729,4059,0.17960088691796008
tpbl_2025_26_analysis_ready,source_three_pointers_fadeaway_jump_shot_made,729,4059,0.17960088691796008
tpbl_2025_26_analysis_ready,source_three_pointers_fadeaway_jump_shot_missed,729,4059,0.17960088691796008
tpbl_2025_26_analysis_ready,source_three_pointers_fadeaway_jump_shot_attempted,729,4059,0.17960088691796008
tpbl_2025_26_analysis_ready,source_two_pointers_turnaround_jump_shot_made,729,4059,0.17960088691796008
tpbl_2025_26_analysis_ready,source_two_pointers_turnaround_jump_shot_missed,729,4059,0.17960088691796008
tpbl_2025_26_analysis_ready,source_two_pointers_turnaround_jump_shot_attempted,729,4059,0.17960088691796008
tpbl_2025_26_analysis_ready,source_three_pointers_turnaround_jump_shot_made,729,4059,0.17960088691796008
tpbl_2025_26_analysis_ready,source_three_pointers_turnaround_jump_shot_missed,729,4059,0.17960088691796008
tpbl_2025_26_analysis_ready,source_three_pointers_turnaround_jump_shot_attempted,729,4059,0.17960088691796008
tpbl_2025_26_analysis_ready,source_two_pointers_step_back_jump_shot_made,729,4059,0.17960088691796008
tpbl_2025_26_analysis_ready,source_two_pointers_step_back_jump_shot_missed,729,4059,0.17960088691796008
tpbl_2025_26_analysis_ready,source_two_pointers_step_back_jump_shot_attempted,729,4059,0.17960088691796008
tpbl_2025_26_analysis_ready,source_three_pointers_step_back_jump_shot_made,729,4059,0.17960088691796008
tpbl_2025_26_analysis_ready,source_three_pointers_step_back_jump_shot_missed,729,4059,0.17960088691796008
tpbl_2025_26_analysis_ready,source_three_pointers_step_back_jump_shot_attempted,729,4059,0.17960088691796008
tpbl_2025_26_analysis_ready,source_two_pointers_pull_up_jump_shot_made,729,4059,0.17960088691796008
tpbl_2025_26_analysis_ready,source_two_pointers_pull_up_jump_shot_missed,729,4059,0.17960088691796008
tpbl_2025_26_analysis_ready,source_two_pointers_pull_up_jump_shot_attempted,729,4059,0.17960088691796008
tpbl_2025_26_analysis_ready,source_three_pointers_pull_up_jump_shot_made,729,4059,0.17960088691796008
tpbl_2025_26_analysis_ready,source_three_pointers_pull_up_jump_shot_missed,729,4059,0.17960088691796008
tpbl_2025_26_analysis_ready,source_three_pointers_pull_up_jump_shot_attempted,729,4059,0.17960088691796008
tpbl_2025_26_analysis_ready,result,0,4059,0.0
tpbl_2025_26_analysis_ready,appearance,0,4059,0.0
tpbl_2025_26_analysis_ready,participation_status,0,4059,0.0
tpbl_2025_26_analysis_ready,eFG_pct,1085,4059,0.2673072185267307
tpbl_2025_26_analysis_ready,TS_pct,1053,4059,0.25942350332594233
tpbl_2025_26_analysis_ready,three_PA_rate,1085,4059,0.2673072185267307
tpbl_2025_26_analysis_ready,FT_rate,1085,4059,0.2673072185267307
tpbl_2025_26_analysis_ready,AST_TOV,1970,4059,0.4853412170485341
tpbl_2025_26_analysis_ready,player_name_english,97,4059,0.02389751170238975
tpbl_2025_26_analysis_ready,player_name_normalized,0,4059,0.0
tpbl_2025_26_analysis_ready,team_points,0,4059,0.0
tpbl_2025_26_analysis_ready,opponent_points,0,4059,0.0
tpbl_2025_26_analysis_ready,possessions_est,0,4059,0.0
tpbl_2025_26_analysis_ready,team_ORtg,0,4059,0.0
tpbl_2025_26_analysis_ready,team_DRtg,0,4059,0.0
tpbl_2025_26_analysis_ready,team_Net_Rating,0,4059,0.0
substitution_events,season,0,29806,0.0
substitution_events,game_id,0,29806,0.0
substitution_events,division_id,0,29806,0.0
substitution_events,quarter,0,29806,0.0
substitution_events,clock_remaining_ms,0,29806,0.0
substitution_events,event_order,0,29806,0.0
substitution_events,team_id,0,29806,0.0
substitution_events,player_id,0,29806,0.0
substitution_events,player_name_original,0,29806,0.0
substitution_events,action,0,29806,0.0
substitution_events,is_overtime,0,29806,0.0
substitution_events,source_url,0,29806,0.0
