game_id,team_id,OREB,DREB,REB,TOV,PF,time_on_court_seconds,plus_minus,OREB_team,DREB_team,REB_team,TOV_team,PF_team,team_points,opponent_points,periods,plus_minus_residual,minutes_residual_seconds,OREB_team_credit_difference,DREB_team_credit_difference,REB_team_credit_difference,TOV_team_credit_difference,PF_team_credit_difference
1371,2,9.0,37.0,46.0,19.0,27.0,14400.0,-50.0,14,37,51,19,27,100,110,4,0.0,0.0,5.0,0.0,5.0,0.0,0.0
1371,7,23.0,32.0,55.0,16.0,31.0,14400.0,50.0,28,36,64,16,31,110,100,4,0.0,0.0,5.0,4.0,9.0,0.0,0.0
1372,3,9.0,30.0,39.0,25.0,14.0,14400.0,-95.0,10,30,40,28,14,93,112,4,0.0,0.0,1.0,0.0,1.0,3.0,0.0
1372,7,4.0,31.0,35.0,17.0,25.0,14400.0,95.0,7,31,38,18,25,112,93,4,0.0,0.0,3.0,0.0,3.0,1.0,0.0
1373,2,10.0,26.0,36.0,16.0,26.0,14400.0,25.0,10,27,37,17,26,106,101,4,0.0,0.0,0.0,1.0,1.0,1.0,0.0
1373,3,6.0,29.0,35.0,19.0,25.0,14400.0,-25.0,9,31,40,20,25,101,106,4,0.0,0.0,3.0,2.0,5.0,1.0,0.0
1374,6,14.0,33.0,47.0,9.0,27.0,14400.0,80.0,18,34,52,10,27,105,89,4,0.0,0.0,4.0,1.0,5.0,1.0,0.0
1374,7,14.0,29.0,43.0,17.0,19.0,14400.0,-80.0,16,31,47,17,19,89,105,4,0.0,0.0,2.0,2.0,4.0,0.0,0.0
1375,3,12.0,32.0,44.0,15.0,23.0,14400.0,-105.0,16,33,49,15,23,83,104,4,0.0,0.0,4.0,1.0,5.0,0.0,0.0
1375,5,5.0,37.0,42.0,14.0,17.0,14400.0,105.0,6,44,50,17,17,104,83,4,0.0,0.0,1.0,7.0,8.0,3.0,0.0
1376,7,19.0,25.0,44.0,17.0,23.0,15900.0,-15.0,21,25,46,19,23,120,123,5,0.0,0.0,2.0,0.0,2.0,2.0,0.0
1376,8,16.0,23.0,39.0,18.0,28.0,15900.0,15.0,18,26,44,19,28,123,120,5,0.0,0.0,2.0,3.0,5.0,1.0,0.0
1377,2,13.0,32.0,45.0,22.0,24.0,14400.0,60.0,15,38,53,22,24,91,79,4,0.0,0.0,2.0,6.0,8.0,0.0,0.0
1377,7,15.0,27.0,42.0,17.0,24.0,14400.0,-60.0,17,30,47,17,24,79,91,4,0.0,0.0,2.0,3.0,5.0,0.0,0.0
1378,6,7.0,37.0,44.0,17.0,24.0,14400.0,65.0,10,39,49,18,24,91,78,4,0.0,0.0,3.0,2.0,5.0,1.0,0.0
1378,8,15.0,35.0,50.0,26.0,25.0,14400.0,-65.0,19,38,57,27,25,78,91,4,0.0,0.0,4.0,3.0,7.0,1.0,0.0
1379,2,13.0,28.0,41.0,11.0,21.0,14400.0,-95.0,15,28,43,12,21,82,101,4,0.0,0.0,2.0,0.0,2.0,1.0,0.0
1379,4,13.0,36.0,49.0,13.0,21.0,14400.0,95.0,14,42,56,14,21,101,82,4,0.0,0.0,1.0,6.0,7.0,1.0,0.0
1380,5,6.0,29.0,35.0,16.0,21.0,14400.0,120.0,8,31,39,17,21,104,80,4,0.0,0.0,2.0,2.0,4.0,1.0,0.0
1380,6,14.0,26.0,40.0,25.0,19.0,14400.0,-120.0,16,28,44,25,19,80,104,4,0.0,0.0,2.0,2.0,4.0,0.0,0.0
1381,2,7.0,25.0,32.0,19.0,30.0,14400.0,-65.0,9,27,36,19,30,86,99,4,0.0,0.0,2.0,2.0,4.0,0.0,0.0
1381,3,7.0,38.0,45.0,18.0,25.0,14400.0,65.0,9,38,47,20,25,99,86,4,0.0,0.0,2.0,0.0,2.0,2.0,0.0
1382,2,10.0,25.0,35.0,17.0,21.0,14400.0,-25.0,12,30,42,19,21,105,110,4,0.0,0.0,2.0,5.0,7.0,2.0,0.0
1382,8,16.0,28.0,44.0,13.0,23.0,14400.0,25.0,20,30,50,13,23,110,105,4,0.0,0.0,4.0,2.0,6.0,0.0,0.0
1383,3,12.0,35.0,47.0,20.0,27.0,14248.0,-40.0,14,38,52,21,27,91,99,4,0.0,-152.0,2.0,3.0,5.0,1.0,0.0
1383,6,9.0,32.0,41.0,10.0,24.0,14400.0,40.0,13,34,47,11,24,99,91,4,0.0,0.0,4.0,2.0,6.0,1.0,0.0
1384,2,12.0,24.0,36.0,16.0,24.0,14400.0,-110.0,14,25,39,18,24,78,100,4,0.0,0.0,2.0,1.0,3.0,2.0,0.0
1384,5,7.0,39.0,46.0,16.0,21.0,14400.0,110.0,9,40,49,17,21,100,78,4,0.0,0.0,2.0,1.0,3.0,1.0,0.0
1385,4,13.0,24.0,37.0,21.0,16.0,14400.0,-15.0,15,27,42,21,16,91,94,4,0.0,0.0,2.0,3.0,5.0,0.0,0.0
1385,6,19.0,20.0,39.0,17.0,18.0,14400.0,15.0,20,23,43,17,18,94,91,4,0.0,0.0,1.0,3.0,4.0,0.0,0.0
1386,3,11.0,35.0,46.0,12.0,17.0,14400.0,5.0,11,36,47,12,17,82,81,4,0.0,0.0,0.0,1.0,1.0,0.0,0.0
1386,4,14.0,42.0,56.0,15.0,21.0,14400.0,-5.0,16,43,59,16,21,81,82,4,0.0,0.0,2.0,1.0,3.0,1.0,0.0
1387,3,11.0,40.0,51.0,20.0,18.0,14400.0,25.0,13,42,55,20,18,92,87,4,0.0,0.0,2.0,2.0,4.0,0.0,0.0
1387,6,13.0,31.0,44.0,13.0,20.0,14400.0,-25.0,17,31,48,13,20,87,92,4,0.0,0.0,4.0,0.0,4.0,0.0,0.0
1388,4,11.0,29.0,40.0,13.0,25.0,14400.0,95.0,15,33,48,16,25,108,89,4,0.0,0.0,4.0,4.0,8.0,3.0,0.0
1388,7,17.0,29.0,46.0,23.0,21.0,14400.0,-95.0,19,29,48,23,21,89,108,4,0.0,0.0,2.0,0.0,2.0,0.0,0.0
1389,5,12.0,34.0,46.0,15.0,20.0,14400.0,100.0,17,36,53,15,20,122,102,4,0.0,0.0,5.0,2.0,7.0,0.0,0.0
1389,8,19.0,23.0,42.0,16.0,22.0,14400.0,-100.0,20,27,47,17,22,102,122,4,0.0,0.0,1.0,4.0,5.0,1.0,0.0
1390,2,7.0,33.0,40.0,17.0,23.0,14400.0,-85.0,7,33,40,17,23,94,111,4,0.0,0.0,0.0,0.0,0.0,0.0,0.0
1390,7,15.0,35.0,50.0,18.0,23.0,14400.0,85.0,17,37,54,18,23,111,94,4,0.0,0.0,2.0,2.0,4.0,0.0,0.0
1391,5,12.0,33.0,45.0,19.0,16.0,14400.0,35.0,16,35,51,19,16,85,78,4,0.0,0.0,4.0,2.0,6.0,0.0,0.0
1391,6,18.0,33.0,51.0,18.0,24.0,14400.0,-35.0,20,33,53,19,24,78,85,4,0.0,0.0,2.0,0.0,2.0,1.0,0.0
1392,3,15.0,37.0,52.0,24.0,22.0,14400.0,-15.0,17,40,57,27,22,91,94,4,0.0,0.0,2.0,3.0,5.0,3.0,0.0
1392,7,18.0,25.0,43.0,17.0,22.0,14400.0,15.0,20,26,46,17,22,94,91,4,0.0,0.0,2.0,1.0,3.0,0.0,0.0
1393,4,9.0,31.0,40.0,10.0,19.0,14400.0,85.0,9,34,43,10,19,102,85,4,0.0,0.0,0.0,3.0,3.0,0.0,0.0
1393,6,19.0,35.0,54.0,17.0,22.0,14400.0,-85.0,22,37,59,18,22,85,102,4,0.0,0.0,3.0,2.0,5.0,1.0,0.0
1394,7,10.0,35.0,45.0,15.0,22.0,14400.0,-50.0,12,37,49,17,22,87,97,4,0.0,0.0,2.0,2.0,4.0,2.0,0.0
1394,8,18.0,34.0,52.0,12.0,11.0,14400.0,50.0,25,37,62,12,11,97,87,4,0.0,0.0,7.0,3.0,10.0,0.0,0.0
1395,2,11.0,28.0,39.0,14.0,29.0,14400.0,-40.0,12,28,40,18,29,89,97,4,0.0,0.0,1.0,0.0,1.0,4.0,0.0
1395,4,12.0,37.0,49.0,17.0,17.0,14400.0,40.0,14,38,52,17,17,97,89,4,0.0,0.0,2.0,1.0,3.0,0.0,0.0
1396,5,12.0,38.0,50.0,22.0,20.0,14400.0,60.0,19,40,59,25,20,112,102,4,10.0,0.0,7.0,2.0,9.0,3.0,0.0
1396,8,14.0,22.0,36.0,14.0,23.0,14400.0,-60.0,14,22,36,15,23,102,112,4,-10.0,0.0,0.0,0.0,0.0,1.0,0.0
1397,2,7.0,34.0,41.0,23.0,24.0,14400.0,110.0,9,35,44,23,24,112,90,4,0.0,0.0,2.0,1.0,3.0,0.0,0.0
1397,5,13.0,22.0,35.0,18.0,15.0,14400.0,-110.0,17,24,41,18,15,90,112,4,0.0,0.0,4.0,2.0,6.0,0.0,0.0
1398,3,10.0,32.0,42.0,24.0,21.0,14400.0,75.0,10,33,43,24,21,113,98,4,0.0,0.0,0.0,1.0,1.0,0.0,0.0
1398,4,12.0,18.0,30.0,19.0,20.0,14400.0,-75.0,13,21,34,19,20,98,113,4,0.0,0.0,1.0,3.0,4.0,0.0,0.0
1399,5,9.0,34.0,43.0,17.0,17.0,14400.0,10.0,9,37,46,17,17,103,101,4,0.0,0.0,0.0,3.0,3.0,0.0,0.0
1399,7,13.0,32.0,45.0,16.0,29.0,14400.0,-10.0,16,36,52,16,29,101,103,4,0.0,0.0,3.0,4.0,7.0,0.0,0.0
1400,3,12.0,34.0,46.0,19.0,19.0,14400.0,55.0,14,34,48,20,19,128,117,4,0.0,0.0,2.0,0.0,2.0,1.0,0.0
1400,8,15.0,25.0,40.0,16.0,27.0,14400.0,-55.0,16,28,44,16,27,117,128,4,0.0,0.0,1.0,3.0,4.0,0.0,0.0
1401,5,17.0,37.0,54.0,13.0,17.0,14400.0,115.0,22,40,62,13,17,100,77,4,0.0,0.0,5.0,3.0,8.0,0.0,0.0
1401,6,10.0,28.0,38.0,13.0,21.0,14400.0,-115.0,12,30,42,13,21,77,100,4,0.0,0.0,2.0,2.0,4.0,0.0,0.0
1402,4,12.0,32.0,44.0,16.0,26.0,14400.0,-10.0,13,38,51,16,26,98,100,4,0.0,0.0,1.0,6.0,7.0,0.0,0.0
1402,8,14.0,37.0,51.0,15.0,22.0,14400.0,10.0,15,39,54,15,22,100,98,4,0.0,0.0,1.0,2.0,3.0,0.0,0.0
1403,4,17.0,31.0,48.0,14.0,19.0,14400.0,-10.0,22,33,55,14,19,94,96,4,0.0,0.0,5.0,2.0,7.0,0.0,0.0
1403,5,15.0,30.0,45.0,17.0,24.0,14400.0,10.0,17,36,53,18,24,96,94,4,0.0,0.0,2.0,6.0,8.0,1.0,0.0
1404,6,11.0,28.0,39.0,17.0,29.0,14400.0,20.0,15,29,44,18,29,108,104,4,0.0,0.0,4.0,1.0,5.0,1.0,0.0
1404,8,12.0,23.0,35.0,20.0,25.0,14400.0,-20.0,13,25,38,21,25,104,108,4,0.0,0.0,1.0,2.0,3.0,1.0,0.0
1405,3,17.0,32.0,49.0,12.0,23.0,14400.0,-65.0,21,33,54,12,23,92,105,4,0.0,0.0,4.0,1.0,5.0,0.0,0.0
1405,5,13.0,36.0,49.0,12.0,21.0,14400.0,65.0,13,39,52,13,21,105,92,4,0.0,0.0,0.0,3.0,3.0,1.0,0.0
1406,2,13.0,28.0,41.0,21.0,23.0,15900.0,-25.0,15,30,45,22,23,91,96,5,0.0,0.0,2.0,2.0,4.0,1.0,0.0
1406,8,11.0,36.0,47.0,27.0,22.0,15900.0,25.0,12,40,52,30,22,96,91,5,0.0,0.0,1.0,4.0,5.0,3.0,0.0
1407,2,9.0,21.0,30.0,12.0,26.0,14400.0,50.0,11,22,33,12,26,99,89,4,0.0,0.0,2.0,1.0,3.0,0.0,0.0
1407,4,13.0,29.0,42.0,24.0,19.0,14400.0,-50.0,14,33,47,26,19,89,99,4,0.0,0.0,1.0,4.0,5.0,2.0,0.0
1408,5,10.0,28.0,38.0,13.0,20.0,14400.0,-50.0,13,30,43,14,20,75,85,4,0.0,0.0,3.0,2.0,5.0,1.0,0.0
1408,6,15.0,38.0,53.0,18.0,14.0,14400.0,50.0,16,45,61,20,14,85,75,4,0.0,0.0,1.0,7.0,8.0,2.0,0.0
1409,2,7.0,34.0,41.0,16.0,17.0,14400.0,-130.0,10,34,44,18,17,73,99,4,0.0,0.0,3.0,0.0,3.0,2.0,0.0
1409,3,12.0,36.0,48.0,9.0,17.0,14400.0,130.0,13,38,51,9,17,99,73,4,0.0,0.0,1.0,2.0,3.0,0.0,0.0
1410,6,12.0,30.0,42.0,13.0,16.0,14400.0,15.0,16,34,50,13,16,114,111,4,0.0,0.0,4.0,4.0,8.0,0.0,0.0
1410,7,7.0,26.0,33.0,12.0,15.0,14400.0,-15.0,8,27,35,13,15,111,114,4,0.0,0.0,1.0,1.0,2.0,1.0,0.0
1411,5,8.0,30.0,38.0,11.0,14.0,14400.0,-110.0,10,31,41,11,14,103,125,4,0.0,0.0,2.0,1.0,3.0,0.0,0.0
1411,7,14.0,37.0,51.0,12.0,21.0,14400.0,110.0,15,40,55,12,21,125,103,4,0.0,0.0,1.0,3.0,4.0,0.0,0.0
1412,3,11.0,38.0,49.0,21.0,19.0,14400.0,-25.0,12,41,53,23,19,85,90,4,0.0,0.0,1.0,3.0,4.0,2.0,0.0
1412,4,10.0,28.0,38.0,8.0,17.0,14400.0,25.0,12,30,42,9,17,90,85,4,0.0,0.0,2.0,2.0,4.0,1.0,0.0
1413,6,17.0,35.0,52.0,18.0,19.0,14400.0,-35.0,21,37,58,20,19,78,85,4,0.0,0.0,4.0,2.0,6.0,2.0,0.0
1413,7,9.0,37.0,46.0,15.0,21.0,14400.0,35.0,12,42,54,16,21,85,78,4,0.0,0.0,3.0,5.0,8.0,1.0,0.0
1414,4,9.0,29.0,38.0,12.0,23.0,14400.0,-55.0,10,32,42,13,23,83,94,4,0.0,0.0,1.0,3.0,4.0,1.0,0.0
1414,8,18.0,34.0,52.0,13.0,24.0,14400.0,55.0,19,37,56,14,24,94,83,4,0.0,0.0,1.0,3.0,4.0,1.0,0.0
1415,4,9.0,32.0,41.0,15.0,20.0,14400.0,80.0,11,36,47,15,20,98,82,4,0.0,0.0,2.0,4.0,6.0,0.0,0.0
1415,5,14.0,39.0,53.0,19.0,21.0,14400.0,-80.0,16,40,56,20,21,82,98,4,0.0,0.0,2.0,1.0,3.0,1.0,0.0
1416,3,14.0,37.0,51.0,15.0,15.0,14400.0,50.0,18,39,57,17,15,108,98,4,0.0,0.0,4.0,2.0,6.0,2.0,0.0
1416,8,14.0,27.0,41.0,14.0,30.0,14400.0,-50.0,15,27,42,14,30,98,108,4,0.0,0.0,1.0,0.0,1.0,0.0,0.0
1417,4,7.0,35.0,42.0,12.0,14.0,14400.0,35.0,10,36,46,12,14,97,90,4,0.0,0.0,3.0,1.0,4.0,0.0,0.0
1417,7,14.0,30.0,44.0,9.0,21.0,14400.0,-35.0,17,34,51,9,21,90,97,4,0.0,0.0,3.0,4.0,7.0,0.0,0.0
1418,3,20.0,30.0,50.0,22.0,21.0,14400.0,-70.0,21,32,53,24,21,104,118,4,0.0,0.0,1.0,2.0,3.0,2.0,0.0
1418,6,16.0,33.0,49.0,23.0,21.0,14400.0,70.0,17,36,53,23,21,118,104,4,0.0,0.0,1.0,3.0,4.0,0.0,0.0
1419,2,13.0,34.0,47.0,19.0,20.0,14400.0,-20.0,15,35,50,19,20,82,86,4,0.0,0.0,2.0,1.0,3.0,0.0,0.0
1419,7,10.0,27.0,37.0,8.0,18.0,14400.0,20.0,10,29,39,10,18,86,82,4,0.0,0.0,0.0,2.0,2.0,2.0,0.0
1420,6,7.0,40.0,47.0,12.0,18.0,14400.0,60.0,8,41,49,13,18,94,82,4,0.0,0.0,1.0,1.0,2.0,1.0,0.0
1420,7,14.0,33.0,47.0,13.0,14.0,14400.0,-60.0,17,35,52,13,14,82,94,4,0.0,0.0,3.0,2.0,5.0,0.0,0.0
1421,2,17.0,23.0,40.0,18.0,20.0,14400.0,-30.0,19,23,42,19,20,102,108,4,0.0,0.0,2.0,0.0,2.0,1.0,0.0
1421,5,7.0,31.0,38.0,25.0,20.0,14400.0,30.0,7,32,39,26,20,108,102,4,0.0,0.0,0.0,1.0,1.0,1.0,0.0
1422,4,11.0,37.0,48.0,9.0,19.0,14400.0,25.0,12,38,50,9,19,84,79,4,0.0,0.0,1.0,1.0,2.0,0.0,0.0
1422,6,15.0,41.0,56.0,17.0,25.0,14400.0,-25.0,16,44,60,17,25,79,84,4,0.0,0.0,1.0,3.0,4.0,0.0,0.0
1423,2,13.0,35.0,48.0,7.0,16.0,14400.0,-85.0,16,36,52,7,16,94,111,4,0.0,0.0,3.0,1.0,4.0,0.0,0.0
1423,7,9.0,39.0,48.0,8.0,21.0,14400.0,85.0,9,43,52,8,21,111,94,4,0.0,0.0,0.0,4.0,4.0,0.0,0.0
1424,3,2.0,36.0,38.0,15.0,22.0,14400.0,35.0,7,37,44,15,22,122,115,4,0.0,0.0,5.0,1.0,6.0,0.0,0.0
1424,6,11.0,29.0,40.0,11.0,20.0,14400.0,-35.0,11,30,41,11,20,115,122,4,0.0,0.0,0.0,1.0,1.0,0.0,0.0
1425,2,10.0,28.0,38.0,6.0,30.0,14400.0,25.0,12,31,43,8,30,108,103,4,0.0,0.0,2.0,3.0,5.0,2.0,0.0
1425,8,12.0,40.0,52.0,18.0,25.0,14400.0,-25.0,14,40,54,19,25,103,108,4,0.0,0.0,2.0,0.0,2.0,1.0,0.0
1426,5,7.0,36.0,43.0,13.0,23.0,14400.0,115.0,10,43,53,14,23,110,87,4,0.0,0.0,3.0,7.0,10.0,1.0,0.0
1426,7,17.0,32.0,49.0,17.0,22.0,14400.0,-115.0,18,33,51,18,22,87,110,4,0.0,0.0,1.0,1.0,2.0,1.0,0.0
1427,2,14.0,25.0,39.0,17.0,20.0,14400.0,15.0,15,28,43,17,20,114,111,4,0.0,0.0,1.0,3.0,4.0,0.0,0.0
1427,6,19.0,24.0,43.0,14.0,19.0,14400.0,-15.0,22,28,50,16,19,111,114,4,0.0,0.0,3.0,4.0,7.0,2.0,0.0
1428,3,11.0,43.0,54.0,19.0,24.0,14400.0,95.0,13,44,57,19,24,110,91,4,0.0,0.0,2.0,1.0,3.0,0.0,0.0
1428,8,12.0,23.0,35.0,12.0,26.0,14400.0,-95.0,13,24,37,14,26,91,110,4,0.0,0.0,1.0,1.0,2.0,2.0,0.0
1429,2,17.0,22.0,39.0,14.0,16.0,14400.0,-80.0,18,26,44,14,16,79,95,4,0.0,0.0,1.0,4.0,5.0,0.0,0.0
1429,4,15.0,33.0,48.0,17.0,17.0,14400.0,80.0,16,36,52,19,17,95,79,4,0.0,0.0,1.0,3.0,4.0,2.0,0.0
1430,5,25.0,21.0,46.0,10.0,16.0,14400.0,-30.0,29,22,51,11,16,108,114,4,0.0,0.0,4.0,1.0,5.0,1.0,0.0
1430,8,10.0,30.0,40.0,17.0,21.0,14400.0,30.0,12,31,43,17,21,114,108,4,0.0,0.0,2.0,1.0,3.0,0.0,0.0
1431,3,11.0,42.0,53.0,12.0,16.0,14400.0,100.0,13,42,55,12,16,116,96,4,0.0,0.0,2.0,0.0,2.0,0.0,0.0
1431,7,9.0,28.0,37.0,13.0,23.0,14400.0,-100.0,11,30,41,15,23,96,116,4,0.0,0.0,2.0,2.0,4.0,2.0,0.0
1432,6,10.0,40.0,50.0,28.0,18.0,14400.0,80.0,12,42,54,29,18,95,79,4,0.0,0.0,2.0,2.0,4.0,1.0,0.0
1432,8,7.0,24.0,31.0,20.0,17.0,14400.0,-80.0,9,26,35,21,17,79,95,4,0.0,0.0,2.0,2.0,4.0,1.0,0.0
1433,3,16.0,44.0,60.0,20.0,20.0,14400.0,-35.0,18,47,65,21,20,91,98,4,0.0,0.0,2.0,3.0,5.0,1.0,0.0
1433,5,17.0,35.0,52.0,8.0,17.0,14400.0,35.0,19,36,55,8,17,98,91,4,0.0,0.0,2.0,1.0,3.0,0.0,0.0
1434,4,11.0,35.0,46.0,12.0,24.0,14400.0,15.0,13,35,48,12,24,101,98,4,0.0,0.0,2.0,0.0,2.0,0.0,0.0
1434,8,9.0,28.0,37.0,10.0,32.0,14400.0,30.0,10,29,39,11,32,98,101,4,45.0,0.0,1.0,1.0,2.0,1.0,0.0
1435,2,12.0,22.0,34.0,24.0,21.0,14400.0,-210.0,13,22,35,24,21,91,133,4,0.0,0.0,1.0,0.0,1.0,0.0,0.0
1435,6,10.0,24.0,34.0,15.0,18.0,14400.0,210.0,12,28,40,18,18,133,91,4,0.0,0.0,2.0,4.0,6.0,3.0,0.0
1436,3,15.0,29.0,44.0,18.0,29.0,14400.0,-20.0,17,33,50,19,29,91,95,4,0.0,0.0,2.0,4.0,6.0,1.0,0.0
1436,4,13.0,30.0,43.0,18.0,24.0,14400.0,20.0,16,37,53,19,24,95,91,4,0.0,0.0,3.0,7.0,10.0,1.0,0.0
1437,6,7.0,25.0,32.0,11.0,19.0,14400.0,-40.0,9,27,36,11,19,104,112,4,0.0,0.0,2.0,2.0,4.0,0.0,0.0
1437,8,9.0,29.0,38.0,10.0,15.0,14400.0,40.0,10,33,43,12,15,112,104,4,0.0,0.0,1.0,4.0,5.0,2.0,0.0
1438,4,10.0,28.0,38.0,12.0,16.0,14400.0,-35.0,11,32,43,12,16,87,94,4,0.0,0.0,1.0,4.0,5.0,0.0,0.0
1438,7,14.0,36.0,50.0,18.0,23.0,14400.0,35.0,15,39,54,19,23,94,87,4,0.0,0.0,1.0,3.0,4.0,1.0,0.0
1439,3,16.0,33.0,49.0,12.0,12.0,14400.0,-85.0,20,33,53,13,12,97,114,4,0.0,0.0,4.0,0.0,4.0,1.0,0.0
1439,7,4.0,35.0,39.0,10.0,22.0,14400.0,85.0,5,38,43,10,22,114,97,4,0.0,0.0,1.0,3.0,4.0,0.0,0.0
1440,4,11.0,34.0,45.0,23.0,18.0,14400.0,-20.0,11,38,49,23,18,88,92,4,0.0,0.0,0.0,4.0,4.0,0.0,0.0
1440,5,12.0,31.0,43.0,18.0,16.0,14400.0,20.0,14,33,47,18,16,92,88,4,0.0,0.0,2.0,2.0,4.0,0.0,0.0
1441,2,17.0,29.0,46.0,14.0,22.0,14400.0,-15.0,18,29,47,18,22,93,96,4,0.0,0.0,1.0,0.0,1.0,4.0,0.0
1441,3,19.0,29.0,48.0,20.0,19.0,14400.0,15.0,22,33,55,20,19,96,93,4,0.0,0.0,3.0,4.0,7.0,0.0,0.0
1442,5,13.0,35.0,48.0,12.0,21.0,14400.0,55.0,14,35,49,12,21,98,87,4,0.0,0.0,1.0,0.0,1.0,0.0,0.0
1442,8,9.0,36.0,45.0,21.0,23.0,14400.0,-55.0,10,38,48,21,23,87,98,4,0.0,0.0,1.0,2.0,3.0,0.0,0.0
1443,2,16.0,32.0,48.0,21.0,22.0,14400.0,-130.0,18,33,51,24,22,75,101,4,0.0,0.0,2.0,1.0,3.0,3.0,0.0
1443,5,4.0,38.0,42.0,19.0,16.0,14400.0,130.0,6,39,45,20,16,101,75,4,0.0,0.0,2.0,1.0,3.0,1.0,0.0
1444,7,9.0,32.0,41.0,18.0,27.0,14400.0,25.0,9,35,44,21,27,98,96,4,15.0,0.0,0.0,3.0,3.0,3.0,0.0
1444,8,8.0,25.0,33.0,12.0,19.0,14400.0,-10.0,9,27,36,12,19,96,98,4,0.0,0.0,1.0,2.0,3.0,0.0,0.0
1445,2,15.0,28.0,43.0,23.0,21.0,14400.0,-145.0,16,30,46,24,21,84,113,4,0.0,0.0,1.0,2.0,3.0,1.0,0.0
1445,6,9.0,31.0,40.0,14.0,23.0,14400.0,145.0,11,34,45,14,23,113,84,4,0.0,0.0,2.0,3.0,5.0,0.0,0.0
1446,3,14.0,38.0,52.0,8.0,21.0,14400.0,65.0,15,41,56,8,21,104,91,4,0.0,0.0,1.0,3.0,4.0,0.0,0.0
1446,8,12.0,33.0,45.0,6.0,19.0,14400.0,-65.0,14,35,49,8,19,91,104,4,0.0,0.0,2.0,2.0,4.0,2.0,0.0
1447,2,19.0,31.0,50.0,14.0,30.0,14400.0,70.0,22,33,55,16,30,104,90,4,0.0,0.0,3.0,2.0,5.0,2.0,0.0
1447,8,5.0,23.0,28.0,15.0,24.0,14400.0,-70.0,9,26,35,15,24,90,104,4,0.0,0.0,4.0,3.0,7.0,0.0,0.0
1448,7,13.0,31.0,44.0,13.0,22.0,14400.0,105.0,15,33,48,13,22,116,95,4,0.0,0.0,2.0,2.0,4.0,0.0,0.0
1448,8,10.0,36.0,46.0,22.0,22.0,14400.0,-105.0,12,37,49,22,22,95,116,4,0.0,0.0,2.0,1.0,3.0,0.0,0.0
1449,3,11.0,30.0,41.0,13.0,21.0,14400.0,10.0,13,35,48,15,21,100,98,4,0.0,0.0,2.0,5.0,7.0,2.0,0.0
1449,5,23.0,27.0,50.0,10.0,19.0,14400.0,-10.0,24,29,53,12,19,98,100,4,0.0,0.0,1.0,2.0,3.0,2.0,0.0
1450,4,9.0,29.0,38.0,15.0,18.0,14400.0,-75.0,10,31,41,15,18,85,100,4,0.0,0.0,1.0,2.0,3.0,0.0,0.0
1450,7,11.0,39.0,50.0,13.0,16.0,14400.0,75.0,13,40,53,14,16,100,85,4,0.0,0.0,2.0,1.0,3.0,1.0,0.0
1451,5,10.0,35.0,45.0,13.0,18.0,14400.0,15.0,13,39,52,13,18,96,93,4,0.0,0.0,3.0,4.0,7.0,0.0,0.0
1451,6,21.0,30.0,51.0,15.0,18.0,14400.0,-15.0,24,33,57,15,18,93,96,4,0.0,0.0,3.0,3.0,6.0,0.0,0.0
1452,5,12.0,34.0,46.0,12.0,18.0,14400.0,80.0,14,37,51,14,18,116,100,4,0.0,0.0,2.0,3.0,5.0,2.0,0.0
1452,7,18.0,24.0,42.0,12.0,25.0,14400.0,-80.0,21,25,46,13,25,100,116,4,0.0,0.0,3.0,1.0,4.0,1.0,0.0
1453,7,9.0,28.0,37.0,13.0,22.0,14400.0,15.0,11,29,40,13,22,93,90,4,0.0,0.0,2.0,1.0,3.0,0.0,0.0
1453,8,20.0,30.0,50.0,19.0,22.0,14400.0,-15.0,28,31,59,21,22,90,93,4,0.0,0.0,8.0,1.0,9.0,2.0,0.0
1454,2,8.0,21.0,29.0,11.0,20.0,14126.0,-50.0,11,22,33,12,20,97,107,4,0.0,-274.0,3.0,1.0,4.0,1.0,0.0
1454,3,12.0,32.0,44.0,15.0,18.0,14400.0,50.0,13,34,47,16,18,107,97,4,0.0,0.0,1.0,2.0,3.0,1.0,0.0
1455,4,12.0,35.0,47.0,16.0,18.0,14400.0,15.0,15,38,53,17,18,114,111,4,0.0,0.0,3.0,3.0,6.0,1.0,0.0
1455,5,10.0,26.0,36.0,13.0,31.0,14400.0,-15.0,10,29,39,14,31,111,114,4,0.0,0.0,0.0,3.0,3.0,1.0,0.0
1456,2,13.0,30.0,43.0,14.0,25.0,13680.0,5.0,13,32,45,15,25,90,88,4,-5.0,-720.0,0.0,2.0,2.0,1.0,0.0
1456,6,9.0,29.0,38.0,11.0,24.0,14400.0,-10.0,11,29,40,12,24,88,90,4,0.0,0.0,2.0,0.0,2.0,1.0,0.0
1457,5,6.0,21.0,27.0,15.0,22.0,14400.0,-65.0,9,24,33,15,22,101,114,4,0.0,0.0,3.0,3.0,6.0,0.0,0.0
1457,7,12.0,32.0,44.0,18.0,17.0,14400.0,65.0,13,35,48,20,17,114,101,4,0.0,0.0,1.0,3.0,4.0,2.0,0.0
1458,4,7.0,33.0,40.0,14.0,19.0,14400.0,-40.0,11,35,46,15,19,94,102,4,0.0,0.0,4.0,2.0,6.0,1.0,0.0
1458,8,6.0,37.0,43.0,14.0,16.0,14400.0,40.0,7,40,47,15,16,102,94,4,0.0,0.0,1.0,3.0,4.0,1.0,0.0
1459,3,12.0,29.0,41.0,11.0,17.0,14400.0,45.0,12,35,47,11,17,100,91,4,0.0,0.0,0.0,6.0,6.0,0.0,0.0
1459,6,8.0,40.0,48.0,17.0,27.0,14400.0,-45.0,11,44,55,17,27,91,100,4,0.0,0.0,3.0,4.0,7.0,0.0,0.0
1460,2,20.0,25.0,45.0,15.0,24.0,14400.0,-80.0,21,28,49,15,24,97,113,4,0.0,0.0,1.0,3.0,4.0,0.0,0.0
1460,4,9.0,27.0,36.0,9.0,25.0,14400.0,80.0,11,30,41,9,25,113,97,4,0.0,0.0,2.0,3.0,5.0,0.0,0.0
1461,3,13.0,39.0,52.0,14.0,22.0,14400.0,135.0,16,39,55,15,22,111,84,4,0.0,0.0,3.0,0.0,3.0,1.0,0.0
1461,5,8.0,27.0,35.0,11.0,18.0,14400.0,-135.0,10,29,39,14,18,84,111,4,0.0,0.0,2.0,2.0,4.0,3.0,0.0
1462,4,11.0,36.0,47.0,18.0,17.0,14400.0,115.0,13,38,51,18,17,113,90,4,0.0,0.0,2.0,2.0,4.0,0.0,0.0
1462,7,12.0,29.0,41.0,20.0,19.0,14400.0,-115.0,12,29,41,20,19,90,113,4,0.0,0.0,0.0,0.0,0.0,0.0,0.0
1463,2,13.0,27.0,40.0,24.0,24.0,14400.0,-135.0,13,29,42,25,24,91,118,4,0.0,0.0,0.0,2.0,2.0,1.0,0.0
1463,6,8.0,29.0,37.0,15.0,21.0,14400.0,135.0,13,31,44,15,21,118,91,4,0.0,0.0,5.0,2.0,7.0,0.0,0.0
1464,5,11.0,42.0,53.0,9.0,18.0,14400.0,130.0,11,44,55,10,18,99,73,4,0.0,0.0,0.0,2.0,2.0,1.0,0.0
1464,8,13.0,41.0,54.0,16.0,14.0,14400.0,-130.0,15,42,57,17,14,73,99,4,0.0,0.0,2.0,1.0,3.0,1.0,0.0
1465,4,7.0,39.0,46.0,16.0,21.0,14400.0,-100.0,9,41,50,17,21,75,95,4,0.0,0.0,2.0,2.0,4.0,1.0,0.0
1465,6,12.0,46.0,58.0,16.0,17.0,14400.0,100.0,14,48,62,16,17,95,75,4,0.0,0.0,2.0,2.0,4.0,0.0,0.0
1466,3,10.0,35.0,45.0,9.0,19.0,14400.0,110.0,12,36,48,10,19,118,96,4,0.0,0.0,2.0,1.0,3.0,1.0,0.0
1466,8,8.0,32.0,40.0,11.0,16.0,14400.0,-110.0,11,34,45,11,16,96,118,4,0.0,0.0,3.0,2.0,5.0,0.0,0.0
1467,2,12.0,31.0,43.0,15.0,28.0,14400.0,-30.0,12,32,44,15,28,90,96,4,0.0,0.0,0.0,1.0,1.0,0.0,0.0
1467,3,14.0,34.0,48.0,19.0,24.0,14400.0,30.0,18,36,54,19,24,96,90,4,0.0,0.0,4.0,2.0,6.0,0.0,0.0
1468,3,4.0,30.0,34.0,11.0,16.0,14400.0,85.0,5,31,36,13,16,107,90,4,0.0,0.0,1.0,1.0,2.0,2.0,0.0
1468,7,8.0,31.0,39.0,17.0,13.0,14400.0,-85.0,9,34,43,19,13,90,107,4,0.0,0.0,1.0,3.0,4.0,2.0,0.0
1469,4,14.0,36.0,50.0,15.0,21.0,14400.0,20.0,18,37,55,15,21,103,99,4,0.0,0.0,4.0,1.0,5.0,0.0,0.0
1469,6,12.0,34.0,46.0,19.0,28.0,14400.0,-20.0,15,35,50,19,28,99,103,4,0.0,0.0,3.0,1.0,4.0,0.0,0.0
1470,2,10.0,34.0,44.0,9.0,22.0,14400.0,40.0,10,36,46,9,22,112,104,4,0.0,0.0,0.0,2.0,2.0,0.0,0.0
1470,8,11.0,32.0,43.0,11.0,27.0,14400.0,-40.0,13,38,51,12,27,104,112,4,0.0,0.0,2.0,6.0,8.0,1.0,0.0
1471,4,12.0,34.0,46.0,11.0,21.0,14400.0,55.0,13,38,51,13,21,102,91,4,0.0,0.0,1.0,4.0,5.0,2.0,0.0
1471,5,6.0,36.0,42.0,18.0,25.0,14400.0,-55.0,8,40,48,18,25,91,102,4,0.0,0.0,2.0,4.0,6.0,0.0,0.0
1472,7,13.0,26.0,39.0,10.0,23.0,14400.0,70.0,13,31,44,11,23,116,102,4,0.0,0.0,0.0,5.0,5.0,1.0,0.0
1472,8,16.0,27.0,43.0,12.0,18.0,14400.0,-70.0,17,28,45,13,18,102,116,4,0.0,0.0,1.0,1.0,2.0,1.0,0.0
1473,6,8.0,30.0,38.0,14.0,17.0,14400.0,-10.0,9,32,41,15,17,89,91,4,0.0,0.0,1.0,2.0,3.0,1.0,0.0
1473,8,11.0,35.0,46.0,16.0,19.0,14400.0,10.0,14,39,53,18,19,91,89,4,0.0,0.0,3.0,4.0,7.0,2.0,0.0
1474,3,10.0,24.0,34.0,20.0,24.0,14400.0,-20.0,12,29,41,20,24,104,108,4,0.0,0.0,2.0,5.0,7.0,0.0,0.0
1474,6,15.0,29.0,44.0,18.0,23.0,14400.0,20.0,16,31,47,18,23,108,104,4,0.0,0.0,1.0,2.0,3.0,0.0,0.0
1475,2,23.0,30.0,53.0,17.0,16.0,14400.0,-155.0,27,32,59,18,16,74,105,4,0.0,0.0,4.0,2.0,6.0,1.0,0.0
1475,5,12.0,28.0,40.0,8.0,21.0,14400.0,155.0,14,33,47,8,21,105,74,4,0.0,0.0,2.0,5.0,7.0,0.0,0.0
1476,6,14.0,38.0,52.0,16.0,19.0,14400.0,100.0,18,41,59,16,19,98,78,4,0.0,0.0,4.0,3.0,7.0,0.0,0.0
1476,7,17.0,28.0,45.0,16.0,15.0,14400.0,-100.0,20,32,52,16,15,78,98,4,0.0,0.0,3.0,4.0,7.0,0.0,0.0
1477,5,12.0,25.0,37.0,11.0,22.0,14400.0,55.0,13,29,42,11,22,107,96,4,0.0,0.0,1.0,4.0,5.0,0.0,0.0
1477,8,16.0,32.0,48.0,21.0,16.0,14400.0,-55.0,18,34,52,22,16,96,107,4,0.0,0.0,2.0,2.0,4.0,1.0,0.0
1478,4,11.0,33.0,44.0,16.0,18.0,14400.0,85.0,12,35,47,16,18,117,100,4,0.0,0.0,1.0,2.0,3.0,0.0,0.0
1478,6,16.0,22.0,38.0,13.0,24.0,14400.0,-85.0,17,26,43,15,24,100,117,4,0.0,0.0,1.0,4.0,5.0,2.0,0.0
1479,2,6.0,29.0,35.0,10.0,22.0,14400.0,-5.0,6,31,37,10,22,111,112,4,0.0,0.0,0.0,2.0,2.0,0.0,0.0
1479,7,7.0,31.0,38.0,11.0,22.0,14400.0,5.0,7,34,41,11,22,112,111,4,0.0,0.0,0.0,3.0,3.0,0.0,0.0
1480,4,12.0,35.0,47.0,8.0,15.0,14400.0,15.0,12,36,48,11,15,79,76,4,0.0,0.0,0.0,1.0,1.0,3.0,0.0
1480,5,13.0,36.0,49.0,17.0,20.0,14400.0,-15.0,14,40,54,17,20,76,79,4,0.0,0.0,1.0,4.0,5.0,0.0,0.0
1481,2,7.0,32.0,39.0,9.0,17.0,14400.0,-55.0,7,35,42,10,17,93,104,4,0.0,0.0,0.0,3.0,3.0,1.0,0.0
1481,8,5.0,36.0,41.0,11.0,13.0,14400.0,55.0,6,38,44,11,13,104,93,4,0.0,0.0,1.0,2.0,3.0,0.0,0.0
1482,3,19.0,33.0,52.0,8.0,21.0,14400.0,45.0,23,37,60,9,21,94,85,4,0.0,0.0,4.0,4.0,8.0,1.0,0.0
1482,4,8.0,34.0,42.0,12.0,17.0,14400.0,-45.0,9,36,45,12,17,85,94,4,0.0,0.0,1.0,2.0,3.0,0.0,0.0
1483,3,22.0,40.0,62.0,11.0,16.0,14400.0,165.0,22,43,65,12,16,99,66,4,0.0,0.0,0.0,3.0,3.0,1.0,0.0
1483,8,8.0,30.0,38.0,16.0,20.0,14400.0,-165.0,12,31,43,17,20,66,99,4,0.0,0.0,4.0,1.0,5.0,1.0,0.0
1484,5,11.0,31.0,42.0,15.0,18.0,14400.0,-70.0,12,34,46,15,18,93,107,4,0.0,0.0,1.0,3.0,4.0,0.0,0.0
1484,6,11.0,36.0,47.0,13.0,18.0,14400.0,70.0,13,38,51,15,18,107,93,4,0.0,0.0,2.0,2.0,4.0,2.0,0.0
1485,3,15.0,33.0,48.0,19.0,18.0,14400.0,30.0,16,37,53,19,18,92,86,4,0.0,0.0,1.0,4.0,5.0,0.0,0.0
1485,4,13.0,30.0,43.0,18.0,20.0,14400.0,-30.0,13,31,44,18,20,86,92,4,0.0,0.0,0.0,1.0,1.0,0.0,0.0
1486,2,7.0,33.0,40.0,13.0,13.0,14400.0,-80.0,8,33,41,13,13,99,115,4,0.0,0.0,1.0,0.0,1.0,0.0,0.0
1486,6,12.0,33.0,45.0,12.0,23.0,14400.0,80.0,13,36,49,12,23,115,99,4,0.0,0.0,1.0,3.0,4.0,0.0,0.0
1487,3,7.0,29.0,36.0,18.0,28.0,14400.0,-30.0,9,31,40,18,28,99,105,4,0.0,0.0,2.0,2.0,4.0,0.0,0.0
1487,7,7.0,26.0,33.0,9.0,23.0,14400.0,30.0,8,28,36,12,23,105,99,4,0.0,0.0,1.0,2.0,3.0,3.0,0.0
1488,4,13.0,31.0,44.0,15.0,22.0,14400.0,90.0,15,35,50,15,22,104,86,4,0.0,0.0,2.0,4.0,6.0,0.0,0.0
1488,8,3.0,25.0,28.0,12.0,21.0,14400.0,-90.0,6,26,32,13,21,86,104,4,0.0,0.0,3.0,1.0,4.0,1.0,0.0
1489,3,13.0,40.0,53.0,11.0,32.0,14400.0,-20.0,16,42,58,11,32,100,104,4,0.0,0.0,3.0,2.0,5.0,0.0,0.0
1489,5,6.0,34.0,40.0,6.0,26.0,14400.0,20.0,8,37,45,6,26,104,100,4,0.0,0.0,2.0,3.0,5.0,0.0,0.0
1490,6,19.0,20.0,39.0,8.0,22.0,14400.0,40.0,20,26,46,8,22,111,103,4,0.0,0.0,1.0,6.0,7.0,0.0,0.0
1490,8,6.0,28.0,34.0,17.0,23.0,14400.0,-40.0,13,30,43,18,23,103,111,4,0.0,0.0,7.0,2.0,9.0,1.0,0.0
1491,4,17.0,32.0,49.0,9.0,20.0,14400.0,100.0,19,33,52,10,20,98,78,4,0.0,0.0,2.0,1.0,3.0,1.0,0.0
1491,7,13.0,28.0,41.0,14.0,18.0,14400.0,-100.0,15,30,45,15,18,78,98,4,0.0,0.0,2.0,2.0,4.0,1.0,0.0
1492,4,10.0,36.0,46.0,11.0,19.0,14400.0,115.0,12,38,50,11,19,96,73,4,0.0,0.0,2.0,2.0,4.0,0.0,0.0
1492,8,10.0,33.0,43.0,18.0,19.0,14400.0,-115.0,12,37,49,20,19,73,96,4,0.0,0.0,2.0,4.0,6.0,2.0,0.0
1493,5,8.0,37.0,45.0,12.0,19.0,14400.0,-15.0,9,38,47,12,19,94,97,4,0.0,0.0,1.0,1.0,2.0,0.0,0.0
1493,7,16.0,34.0,50.0,13.0,19.0,14400.0,15.0,19,37,56,14,19,97,94,4,0.0,0.0,3.0,3.0,6.0,1.0,0.0
1494,2,17.0,30.0,47.0,15.0,23.0,14400.0,-15.0,20,32,52,17,23,99,102,4,0.0,0.0,3.0,2.0,5.0,2.0,0.0
1494,4,14.0,30.0,44.0,16.0,13.0,14400.0,15.0,15,33,48,16,13,102,99,4,0.0,0.0,1.0,3.0,4.0,0.0,0.0
1495,6,10.0,37.0,47.0,11.0,24.0,14400.0,120.0,15,40,55,13,24,111,87,4,0.0,0.0,5.0,3.0,8.0,2.0,0.0
1495,7,12.0,26.0,38.0,9.0,26.0,14400.0,-120.0,14,27,41,9,26,87,111,4,0.0,0.0,2.0,1.0,3.0,0.0,0.0
1496,3,14.0,30.0,44.0,14.0,19.0,14400.0,10.0,16,31,47,15,19,111,109,4,0.0,0.0,2.0,1.0,3.0,1.0,0.0
1496,6,10.0,25.0,35.0,15.0,22.0,14400.0,-10.0,12,30,42,15,22,109,111,4,0.0,0.0,2.0,5.0,7.0,0.0,0.0
1497,2,14.0,28.0,42.0,23.0,29.0,14400.0,-50.0,20,32,52,27,29,88,98,4,0.0,0.0,6.0,4.0,10.0,4.0,0.0
1497,4,15.0,25.0,40.0,15.0,26.0,14400.0,50.0,18,30,48,15,26,98,88,4,0.0,0.0,3.0,5.0,8.0,0.0,0.0
1498,7,27.0,32.0,59.0,18.0,20.0,14400.0,-25.0,29,36,65,18,20,100,105,4,0.0,0.0,2.0,4.0,6.0,0.0,0.0
1498,8,14.0,28.0,42.0,16.0,18.0,14400.0,25.0,14,31,45,16,18,105,100,4,0.0,0.0,0.0,3.0,3.0,0.0,0.0
1499,5,9.0,28.0,37.0,20.0,15.0,14400.0,-100.0,13,29,42,20,15,81,101,4,0.0,0.0,4.0,1.0,5.0,0.0,0.0
1499,6,7.0,27.0,34.0,17.0,28.0,14400.0,100.0,7,31,38,20,28,101,81,4,0.0,0.0,0.0,4.0,4.0,3.0,0.0
1500,3,22.0,30.0,52.0,17.0,25.0,14400.0,30.0,24,32,56,18,25,94,88,4,0.0,0.0,2.0,2.0,4.0,1.0,0.0
1500,4,11.0,30.0,41.0,20.0,28.0,14400.0,-30.0,14,31,45,20,28,88,94,4,0.0,0.0,3.0,1.0,4.0,0.0,0.0
1501,2,9.0,36.0,45.0,19.0,26.0,14400.0,70.0,10,39,49,20,26,93,79,4,0.0,0.0,1.0,3.0,4.0,1.0,0.0
1501,8,12.0,33.0,45.0,18.0,31.0,14400.0,-70.0,13,34,47,19,31,79,93,4,0.0,0.0,1.0,1.0,2.0,1.0,0.0
1502,5,16.0,31.0,47.0,17.0,12.0,14400.0,-50.0,17,32,49,18,12,89,99,4,0.0,0.0,1.0,1.0,2.0,1.0,0.0
1502,7,11.0,30.0,41.0,15.0,18.0,14400.0,50.0,15,31,46,15,18,99,89,4,0.0,0.0,4.0,1.0,5.0,0.0,0.0
1503,2,16.0,26.0,42.0,9.0,19.0,14400.0,-70.0,18,30,48,10,19,85,99,4,0.0,0.0,2.0,4.0,6.0,1.0,0.0
1503,5,14.0,41.0,55.0,18.0,22.0,14400.0,70.0,15,45,60,18,22,99,85,4,0.0,0.0,1.0,4.0,5.0,0.0,0.0
6026,6,13.0,30.0,43.0,9.0,16.0,14400.0,-80.0,16,32,48,10,16,86,102,4,0.0,0.0,3.0,2.0,5.0,1.0,0.0
6026,7,7.0,38.0,45.0,12.0,20.0,14400.0,80.0,9,42,51,12,20,102,86,4,0.0,0.0,2.0,4.0,6.0,0.0,0.0
6027,6,11.0,35.0,46.0,14.0,24.0,14400.0,-30.0,14,37,51,15,24,90,96,4,0.0,0.0,3.0,2.0,5.0,1.0,0.0
6027,7,8.0,36.0,44.0,11.0,25.0,14400.0,30.0,9,39,48,13,25,96,90,4,0.0,0.0,1.0,3.0,4.0,2.0,0.0
6033,3,7.0,26.0,33.0,8.0,22.0,14400.0,-5.0,7,30,37,9,22,94,97,4,10.0,0.0,0.0,4.0,4.0,1.0,0.0
6033,4,7.0,33.0,40.0,14.0,18.0,14400.0,15.0,8,38,46,15,18,97,94,4,0.0,0.0,1.0,5.0,6.0,1.0,0.0
6034,3,17.0,41.0,58.0,12.0,23.0,14400.0,110.0,19,41,60,13,23,83,61,4,0.0,0.0,2.0,0.0,2.0,1.0,0.0
6034,4,17.0,29.0,46.0,15.0,19.0,14400.0,-110.0,22,30,52,15,19,61,83,4,0.0,0.0,5.0,1.0,6.0,0.0,0.0
6035,3,7.0,29.0,36.0,11.0,30.0,14400.0,40.0,8,30,38,14,30,114,106,4,0.0,0.0,1.0,1.0,2.0,3.0,0.0
6035,4,10.0,29.0,39.0,17.0,23.0,14400.0,-40.0,12,30,42,17,23,106,114,4,0.0,0.0,2.0,1.0,3.0,0.0,0.0
6036,3,15.0,37.0,52.0,9.0,26.0,14400.0,55.0,15,38,53,13,26,104,93,4,0.0,0.0,0.0,1.0,1.0,4.0,0.0
6036,4,6.0,28.0,34.0,12.0,24.0,14400.0,-55.0,10,31,41,13,24,93,104,4,0.0,0.0,4.0,3.0,7.0,1.0,0.0
6316,5,12.0,32.0,44.0,16.0,23.0,14400.0,-30.0,14,32,46,17,23,105,113,4,10.0,0.0,2.0,0.0,2.0,1.0,0.0
6316,7,12.0,33.0,45.0,17.0,26.0,14400.0,40.0,14,33,47,17,26,113,105,4,0.0,0.0,2.0,0.0,2.0,0.0,0.0
6317,5,13.0,26.0,39.0,7.0,21.0,14400.0,110.0,16,28,44,7,21,114,92,4,0.0,0.0,3.0,2.0,5.0,0.0,0.0
6317,7,12.0,32.0,44.0,18.0,19.0,14400.0,-110.0,13,36,49,19,19,92,114,4,0.0,0.0,1.0,4.0,5.0,1.0,0.0
6318,5,13.0,31.0,44.0,15.0,17.0,14400.0,-10.0,18,31,49,16,17,102,104,4,0.0,0.0,5.0,0.0,5.0,1.0,0.0
6318,7,13.0,31.0,44.0,15.0,27.0,14400.0,10.0,16,31,47,16,27,104,102,4,0.0,0.0,3.0,0.0,3.0,1.0,0.0
6319,5,10.0,19.0,29.0,8.0,21.0,14400.0,-10.0,10,23,33,9,21,114,116,4,0.0,0.0,0.0,4.0,4.0,1.0,0.0
6319,7,8.0,30.0,38.0,19.0,26.0,14400.0,10.0,9,33,42,19,26,116,114,4,0.0,0.0,1.0,3.0,4.0,0.0,0.0
8635,3,16.0,32.0,48.0,12.0,17.0,14400.0,-5.0,18,35,53,14,17,90,91,4,0.0,0.0,2.0,3.0,5.0,2.0,0.0
8635,7,10.0,32.0,42.0,18.0,18.0,14400.0,5.0,11,36,47,19,18,91,90,4,0.0,0.0,1.0,4.0,5.0,1.0,0.0
8636,3,17.0,32.0,49.0,13.0,21.0,14400.0,45.0,19,34,53,13,21,99,90,4,0.0,0.0,2.0,2.0,4.0,0.0,0.0
8636,7,5.0,31.0,36.0,18.0,22.0,14400.0,-45.0,7,32,39,19,22,90,99,4,0.0,0.0,2.0,1.0,3.0,1.0,0.0
8637,3,14.0,28.0,42.0,9.0,25.0,14400.0,-125.0,16,30,46,10,25,84,109,4,0.0,0.0,2.0,2.0,4.0,1.0,0.0
8637,7,6.0,34.0,40.0,11.0,24.0,14400.0,125.0,8,38,46,11,24,109,84,4,0.0,0.0,2.0,4.0,6.0,0.0,0.0
8638,3,15.0,30.0,45.0,8.0,20.0,14400.0,-15.0,19,31,50,9,20,93,96,4,0.0,0.0,4.0,1.0,5.0,1.0,0.0
8638,7,8.0,29.0,37.0,8.0,19.0,14400.0,15.0,11,31,42,8,19,96,93,4,0.0,0.0,3.0,2.0,5.0,0.0,0.0
8639,3,7.0,38.0,45.0,15.0,22.0,14400.0,180.0,7,38,45,15,22,105,69,4,0.0,0.0,0.0,0.0,0.0,0.0,0.0
8639,7,7.0,25.0,32.0,17.0,23.0,14400.0,-180.0,9,28,37,19,23,69,105,4,0.0,0.0,2.0,3.0,5.0,2.0,0.0
8640,3,11.0,34.0,45.0,18.0,29.0,14400.0,15.0,12,36,48,19,29,91,88,4,0.0,0.0,1.0,2.0,3.0,1.0,0.0
8640,7,7.0,26.0,33.0,14.0,26.0,14400.0,-15.0,7,28,35,14,26,88,91,4,0.0,0.0,0.0,2.0,2.0,0.0,0.0
8641,3,13.0,34.0,47.0,9.0,28.0,14400.0,60.0,19,34,53,9,28,90,78,4,0.0,0.0,6.0,0.0,6.0,0.0,0.0
8641,7,12.0,27.0,39.0,10.0,21.0,14400.0,-60.0,15,29,44,11,21,78,90,4,0.0,0.0,3.0,2.0,5.0,1.0,0.0
